,title,price,link
0,"Dell Inspiron 3535, AMD Ryzen 3
                                        7320U Processor, (8GB RAM/512GB SSD/Window 11/MS Office' 21/15.6""(39.62 cm) FHD
                                        Display/15 Month McAfee/Carbon Black/1.67kg Thin & Light Laptop 
","29,990",https://amazon.in//sspa/click?ie=UTF8&spc=MTo4Nzg1MzY0MjUwNDM5NzU4OjE3Mjg4Mzk2OTI6c3BfYXRmOjMwMDM0NzgyMDMxMzUzMjo6MDo6&url=%2FDell-Inspiron-Processor-Window-Display%2Fdp%2FB0DG5CY2Y2%2Fref%3Dsr_1_1_sspa%3Fdib%3DeyJ2IjoiMSJ9.0yK2l9sAtFSM5oX7Z1gIgKgceZ2IJOiszkuLcYhlpe3N6lwMpJkLZlD_Vs2c9QM5oT9BuF_9azRdm8XvLrxrydZu9_-iWVVHGPTILIFGqHXDPkg5tqzHvj7kTdjKdWyWAu6A9ChbzlpK_8JvDNgKRyoyTpH_vsI_Jpke1cd0H7N7aLA994C846c1jZXWpMBjjaUBD8xXt5Qryky3hbO8P1yiCT3F_-2HfuCSB9XO0NI.O_XJOVXlYxL-M_vsSN7nueONB8jvpp8nVXP57P5_cyE%26dib_tag%3Dse%26keywords%3Dlaptops%26qid%3D1728839692%26sr%3D8-1-spons%26sp_csd%3Dd2lkZ2V0TmFtZT1zcF9hdGY%26psc%3D1
1,"Lenovo [Smart Choice Ideapad Gaming 3 Laptop AMD Ryzen 5 5500H 15.6"" (39.62Cm) Fhd IPS 300Nits 144Hz (8Gb/512Gb Ssd/Win11/Nvidia RTX 2050 4Gb/Alexa/3 Month Game Pass/Shadow Black/2.32Kg),82K20289In  ","45,990",https://amazon.in//sspa/click?ie=UTF8&spc=MTo1OTA1NzI5NDQ4NDc4NTMxOjE3Mjg4Mzk2OTI6c3Bfc2VhcmNoX3RoZW1hdGljOjMwMDEwMzE0MzgxODQzMjo6NDo6&url=%2FLenovo-IdeaPad-39-62cm-300nits-82K20289IN%2Fdp%2FB0CL5L59Z9%2Fref%3Dsxin_15_pa_sp_search_thematic_sspa%3Fcontent-id%3Damzn1.sym.cd33fa60-47cd-49f3-80b8-24b1f0cbef97%253Aamzn1.sym.cd33fa60-47cd-49f3-80b8-24b1f0cbef97%26cv_ct_cx%3Dlaptops%26dib%3DeyJ2IjoiMSJ9.bV0OaW_UXK9vTqq6IBygoyBjbxmBh84DBSGkxrfIeujqdoSafrNHViwk1ZLRakI1OQf7SMJZkOSr2RPLCTuVgg.Qe0ODHeKjYjvwh2k4dmoTmjJDGLEhuit90jqawVvKbk%26dib_tag%3Dse%26keywords%3Dlaptops%26pd_rd_i%3DB0CL5L59Z9%26pd_rd_r%3D6c20d7e0-6b40-4039-bc95-ab8a43e38dda%26pd_rd_w%3D3PVTQ%26pd_rd_wg%3DhQgVo%26pf_rd_p%3Dcd33fa60-47cd-49f3-80b8-24b1f0cbef97%26pf_rd_r%3D3TRYRECWR7RJ2YMWND7K%26qid%3D1728839692%26sbo%3DRZvfv%252F%252FHxDF%252BO5021pAnSA%253D%253D%26sr%3D1-5-ced4eeeb-b190-41d6-902a-1ecb3fb8b7c4-spons%26sp_csd%3Dd2lkZ2V0TmFtZT1zcF9zZWFyY2hfdGhlbWF0aWM%26psc%3D1
2,"Lenovo V14 G3 Laptop (Intel Core i5/ 12th Gen/ 8GB RAM/ 512GB SSD/DOS/ 14"" Inch), Arctic Grey, 1 Year Service Center Carry in Warranty  ","35,440",https://amazon.in//Lenovo-Laptop-Arctic-Service-Warranty/dp/B0DG9CKJ9P/ref=sr_1_62?dib=eyJ2IjoiMSJ9.wh2GrRiEOk7CQBve5YYcwT-2k1Kun0F1DC8O2UTquaUIq9K2R-Z8iYx9k7q0_YbHSaHAF7xzPfhM_keGnOxgApqTYSdvxYXT3e7ID9-x7blC6RkVb_JzmJ9PmKCv-2fS1fkGrBdyVWQKqQXrJCU20vsedOYWJ1PEJi3SbbG5zcNyJLC9thJ8o9G9xqpI5PObIN6HPKm9XQ-uCyhnl4OlwSVbfWfCYDQ2jyV39Em2szc.2jnlo6SkgV4cnGO-P7rIydDkFBAF7jOkKqQa2ALduA8&dib_tag=se&keywords=laptops&qid=1728839706&sr=8-62
3,"Acer Aspire 3 Laptop Intel Core Celeron N4500 Processor Laptop (8 GB LPDDR4X SDRAM/512 GB SSD/Win11 Home/38 WHR/HD Webcam) A325-45 with 39.63 cm (15.6"") HD Display, Pure Silver, 1.5 KG  ","20,819",https://amazon.in//Acer-Celeron-Processor-LPDDR4X-A325-45/dp/B0D7PYTTGH/ref=sr_1_6?dib=eyJ2IjoiMSJ9.0yK2l9sAtFSM5oX7Z1gIgKgceZ2IJOiszkuLcYhlpe3N6lwMpJkLZlD_Vs2c9QM5oT9BuF_9azRdm8XvLrxrydZu9_-iWVVHGPTILIFGqHXDPkg5tqzHvj7kTdjKdWyWAu6A9ChbzlpK_8JvDNgKRyoyTpH_vsI_Jpke1cd0H7N7aLA994C846c1jZXWpMBjjaUBD8xXt5Qryky3hbO8P1yiCT3F_-2HfuCSB9XO0NI.O_XJOVXlYxL-M_vsSN7nueONB8jvpp8nVXP57P5_cyE&dib_tag=se&keywords=laptops&qid=1728839692&sr=8-6
4,"Acer Aspire Lite 13th Gen Intel
                                        Core i3-1305U Thin and Light Premium Laptop (Windows 11 Home/8 GB RAM/512GB
                                        SSD/36 WHR) AL15-53 with 39.62cm (15.6"") Full HD Display, Metal Body, Steel
                                        Gray, 1.59 KG  ","31,990",https://amazon.in//Acer-i3-1305U-Premium-Windows-AL15-53/dp/B0DB1SDB87/ref=sr_1_7?dib=eyJ2IjoiMSJ9.0yK2l9sAtFSM5oX7Z1gIgKgceZ2IJOiszkuLcYhlpe3N6lwMpJkLZlD_Vs2c9QM5oT9BuF_9azRdm8XvLrxrydZu9_-iWVVHGPTILIFGqHXDPkg5tqzHvj7kTdjKdWyWAu6A9ChbzlpK_8JvDNgKRyoyTpH_vsI_Jpke1cd0H7N7aLA994C846c1jZXWpMBjjaUBD8xXt5Qryky3hbO8P1yiCT3F_-2HfuCSB9XO0NI.O_XJOVXlYxL-M_vsSN7nueONB8jvpp8nVXP57P5_cyE&dib_tag=se&keywords=laptops&qid=1728839692&sr=8-7
5,"Dell [Smartchoice] Core i3-1215U, 12th Gen (8GB RAM/512GB SSD/FHD/Window 11/MS Office' 21/15""(38 cm)/15 Month McAfee/Black/1.48kg Laptop  ","33,990",https://amazon.in//Dell-Smartchoice-i3-1215U-Processor-Spill-Resistant/dp/B0BQJ68HHC/ref=sr_1_8?dib=eyJ2IjoiMSJ9.0yK2l9sAtFSM5oX7Z1gIgKgceZ2IJOiszkuLcYhlpe3N6lwMpJkLZlD_Vs2c9QM5oT9BuF_9azRdm8XvLrxrydZu9_-iWVVHGPTILIFGqHXDPkg5tqzHvj7kTdjKdWyWAu6A9ChbzlpK_8JvDNgKRyoyTpH_vsI_Jpke1cd0H7N7aLA994C846c1jZXWpMBjjaUBD8xXt5Qryky3hbO8P1yiCT3F_-2HfuCSB9XO0NI.O_XJOVXlYxL-M_vsSN7nueONB8jvpp8nVXP57P5_cyE&dib_tag=se&keywords=laptops&qid=1728839692&sr=8-8
6,"Acer Aspire Lite 12th Gen Intel Core i3-1215U Premium Metal Laptop (Windows 11 Home/8 GB RAM/512GB SSD) AL15-52, 39.62cm (15.6"") Full HD Display, Metal Body, Steel Gray, 1.59 Kg  ","27,990",https://amazon.in//Acer-i3-1215U-Premium-Windows-AL15-52/dp/B0CKLN7PSZ/ref=sr_1_9?dib=eyJ2IjoiMSJ9.0yK2l9sAtFSM5oX7Z1gIgKgceZ2IJOiszkuLcYhlpe3N6lwMpJkLZlD_Vs2c9QM5oT9BuF_9azRdm8XvLrxrydZu9_-iWVVHGPTILIFGqHXDPkg5tqzHvj7kTdjKdWyWAu6A9ChbzlpK_8JvDNgKRyoyTpH_vsI_Jpke1cd0H7N7aLA994C846c1jZXWpMBjjaUBD8xXt5Qryky3hbO8P1yiCT3F_-2HfuCSB9XO0NI.O_XJOVXlYxL-M_vsSN7nueONB8jvpp8nVXP57P5_cyE&dib_tag=se&keywords=laptops&qid=1728839692&sr=8-9
7,"HP Laptop 15s, AMD Ryzen 5 5500U, 15.6-inch (39.6 cm), FHD, 16GB DDR4, 512GB SSD, AMD Radeon Graphics, 720p HD Camera, Backlit KB, Thin & Light (Win 11, MSO 2021, Silver, 1.69 kg), eq2182AU  ","40,990",https://amazon.in//HP-15-6-inches-Micro-Edge-Anti-Glare-15s-eq2182AU/dp/B0B4N77Y34/ref=sr_1_10?dib=eyJ2IjoiMSJ9.0yK2l9sAtFSM5oX7Z1gIgKgceZ2IJOiszkuLcYhlpe3N6lwMpJkLZlD_Vs2c9QM5oT9BuF_9azRdm8XvLrxrydZu9_-iWVVHGPTILIFGqHXDPkg5tqzHvj7kTdjKdWyWAu6A9ChbzlpK_8JvDNgKRyoyTpH_vsI_Jpke1cd0H7N7aLA994C846c1jZXWpMBjjaUBD8xXt5Qryky3hbO8P1yiCT3F_-2HfuCSB9XO0NI.O_XJOVXlYxL-M_vsSN7nueONB8jvpp8nVXP57P5_cyE&dib_tag=se&keywords=laptops&qid=1728839692&sr=8-10
8,"MSI Thin 15, Intel Core i5-12450H, 40CM FHD 144Hz Gaming Laptop(8GB/512GB NVMe SSD/Windows 11 Home/NVIDIA GeForce RTX 2050,GDDR6 4GB/Cosmos Gray/1.86Kg), B12UCX-1696IN  ","44,990",https://amazon.in//sspa/click?ie=UTF8&spc=MTo4Nzg1MzY0MjUwNDM5NzU4OjE3Mjg4Mzk2OTI6c3BfbXRmOjMwMDM0MTk2OTg4MDIzMjo6MDo6&url=%2FMSI-i5-12450H-Windows-GeForce-B12UCX-1696IN%2Fdp%2FB0CV9S9VTM%2Fref%3Dsr_1_11_sspa%3Fdib%3DeyJ2IjoiMSJ9.0yK2l9sAtFSM5oX7Z1gIgKgceZ2IJOiszkuLcYhlpe3N6lwMpJkLZlD_Vs2c9QM5oT9BuF_9azRdm8XvLrxrydZu9_-iWVVHGPTILIFGqHXDPkg5tqzHvj7kTdjKdWyWAu6A9ChbzlpK_8JvDNgKRyoyTpH_vsI_Jpke1cd0H7N7aLA994C846c1jZXWpMBjjaUBD8xXt5Qryky3hbO8P1yiCT3F_-2HfuCSB9XO0NI.O_XJOVXlYxL-M_vsSN7nueONB8jvpp8nVXP57P5_cyE%26dib_tag%3Dse%26keywords%3Dlaptops%26qid%3D1728839692%26sr%3D8-11-spons%26sp_csd%3Dd2lkZ2V0TmFtZT1zcF9tdGY%26psc%3D1
9,"Lenovo IdeaPad 3 12th Gen Intel Core i3-1215U 14 Inch (35.5cm) FHD Thin & Light Laptop (8GB/512GB SSD/Win 11/Office 2021/Backlit KB/1Yr ADP Free/3months Game Pass/Arctic Grey/1.43Kg), 82RJ00FKIN  ","33,990",https://amazon.in//sspa/click?ie=UTF8&spc=MTo4Nzg1MzY0MjUwNDM5NzU4OjE3Mjg4Mzk2OTI6c3BfbXRmOjMwMDI4NjIyMTcwNjUzMjo6MDo6&url=%2FLenovo-IdeaPad-i3-1215U-Backlit-82RJ00FKIN%2Fdp%2FB0DB1WCBBS%2Fref%3Dsr_1_12_sspa%3Fdib%3DeyJ2IjoiMSJ9.0yK2l9sAtFSM5oX7Z1gIgKgceZ2IJOiszkuLcYhlpe3N6lwMpJkLZlD_Vs2c9QM5oT9BuF_9azRdm8XvLrxrydZu9_-iWVVHGPTILIFGqHXDPkg5tqzHvj7kTdjKdWyWAu6A9ChbzlpK_8JvDNgKRyoyTpH_vsI_Jpke1cd0H7N7aLA994C846c1jZXWpMBjjaUBD8xXt5Qryky3hbO8P1yiCT3F_-2HfuCSB9XO0NI.O_XJOVXlYxL-M_vsSN7nueONB8jvpp8nVXP57P5_cyE%26dib_tag%3Dse%26keywords%3Dlaptops%26qid%3D1728839692%26sr%3D8-12-spons%26sp_csd%3Dd2lkZ2V0TmFtZT1zcF9tdGY%26psc%3D1
10,"(Refurbished) Lenovo ThinkPad 6th Gen Intel Core i5 Thin & Light HD Laptop (16GB RAM / 512GB SSD /14"" (35.6 cm) HD/Windows 11/MS Office/WiFi/Webcam/Intel Graphics), Black  ","15,650",https://amazon.in//gp/bestsellers/amazon-renewed/95093750031/ref=sr_bs_12_95093750031_1
11,"Acer Aspire Lite AMD Ryzen 5-5625U Premium Thin and Light Laptop (16 GB RAM/512 GB SSD/Windows 11 Home) AL15-41, 39.62 cm (15.6"") Full HD Display, Metal Body, Steel Gray, 1.59 KG  ","32,990",https://amazon.in//Acer-5-5625U-Premium-Windows-AL15-41/dp/B0DG2GCTD7/ref=sr_1_14?dib=eyJ2IjoiMSJ9.0yK2l9sAtFSM5oX7Z1gIgKgceZ2IJOiszkuLcYhlpe3N6lwMpJkLZlD_Vs2c9QM5oT9BuF_9azRdm8XvLrxrydZu9_-iWVVHGPTILIFGqHXDPkg5tqzHvj7kTdjKdWyWAu6A9ChbzlpK_8JvDNgKRyoyTpH_vsI_Jpke1cd0H7N7aLA994C846c1jZXWpMBjjaUBD8xXt5Qryky3hbO8P1yiCT3F_-2HfuCSB9XO0NI.O_XJOVXlYxL-M_vsSN7nueONB8jvpp8nVXP57P5_cyE&dib_tag=se&keywords=laptops&qid=1728839692&sr=8-14
12,"Dell [Smartchoice] Core i3-1215U, 12th Gen (8GB RAM/512GB SSD/FHD/Window 11/MS Office' 21/15""(38 cm)/15 Month McAfee/Black/1.48kg Laptop  ","33,990",https://amazon.in//sspa/click?ie=UTF8&spc=MTo4Nzg1MzY0MjUwNDM5NzU4OjE3Mjg4Mzk2OTI6c3BfYXRmOjMwMDA2ODcxNjY4MTEzMjo6MDo6&url=%2FDell-Smartchoice-i3-1215U-Processor-Spill-Resistant%2Fdp%2FB0BQJ68HHC%2Fref%3Dsr_1_2_sspa%3Fdib%3DeyJ2IjoiMSJ9.0yK2l9sAtFSM5oX7Z1gIgKgceZ2IJOiszkuLcYhlpe3N6lwMpJkLZlD_Vs2c9QM5oT9BuF_9azRdm8XvLrxrydZu9_-iWVVHGPTILIFGqHXDPkg5tqzHvj7kTdjKdWyWAu6A9ChbzlpK_8JvDNgKRyoyTpH_vsI_Jpke1cd0H7N7aLA994C846c1jZXWpMBjjaUBD8xXt5Qryky3hbO8P1yiCT3F_-2HfuCSB9XO0NI.O_XJOVXlYxL-M_vsSN7nueONB8jvpp8nVXP57P5_cyE%26dib_tag%3Dse%26keywords%3Dlaptops%26qid%3D1728839692%26sr%3D8-2-spons%26sp_csd%3Dd2lkZ2V0TmFtZT1zcF9hdGY%26psc%3D1
13,"Acer Aspire Lite 12th Gen Intel Core i5-12450H Thin and Light Laptop(Win11Home/12GB RAM/512GB SSD/Intel UHD Graphics/MSO)AL15-52H, 39.62cm(15.6"") FHD IPS Display, Backlit Keyboard, Pure Silver, 1.7KG  ","39,990",https://amazon.in//Acer-i5-12450H-Win11Home-Graphics-AL15-52H/dp/B0DDL4CPZ5/ref=sr_1_15?dib=eyJ2IjoiMSJ9.0yK2l9sAtFSM5oX7Z1gIgKgceZ2IJOiszkuLcYhlpe3N6lwMpJkLZlD_Vs2c9QM5oT9BuF_9azRdm8XvLrxrydZu9_-iWVVHGPTILIFGqHXDPkg5tqzHvj7kTdjKdWyWAu6A9ChbzlpK_8JvDNgKRyoyTpH_vsI_Jpke1cd0H7N7aLA994C846c1jZXWpMBjjaUBD8xXt5Qryky3hbO8P1yiCT3F_-2HfuCSB9XO0NI.O_XJOVXlYxL-M_vsSN7nueONB8jvpp8nVXP57P5_cyE&dib_tag=se&keywords=laptops&qid=1728839692&sr=8-15
14,"Dell 15 Thin & Light Laptop, Intel Core i5-1235U Processor/16GB DDR4+512GB SSD/Intel UHD Graphics/15 Inch (38cm) FHD Display/Windows 11 + MSO'21/15 Month McAfee/Carbon Black/Spill Resistant KB/1.69kg  ","47,990",https://amazon.in//Dell-15-Processor-Antivirus-Spill-Resistant/dp/B0BQJ7WR2R/ref=sr_1_16?dib=eyJ2IjoiMSJ9.0yK2l9sAtFSM5oX7Z1gIgKgceZ2IJOiszkuLcYhlpe3N6lwMpJkLZlD_Vs2c9QM5oT9BuF_9azRdm8XvLrxrydZu9_-iWVVHGPTILIFGqHXDPkg5tqzHvj7kTdjKdWyWAu6A9ChbzlpK_8JvDNgKRyoyTpH_vsI_Jpke1cd0H7N7aLA994C846c1jZXWpMBjjaUBD8xXt5Qryky3hbO8P1yiCT3F_-2HfuCSB9XO0NI.O_XJOVXlYxL-M_vsSN7nueONB8jvpp8nVXP57P5_cyE&dib_tag=se&keywords=laptops&qid=1728839692&sr=8-16
15,"Lenovo IdeaPad Slim 3 13th Gen Intel Core i7-13620H 15"" (38.1cm) FHD IPS 300 Nits Thin & Light Laptop (16GB/512GB SSD/Win 11/MSO 21/1Yr ADP Free/Alexa Built-in/3 mon Game Pass/Grey/1.6Kg), 83EM008GIN  ","59,990",https://amazon.in//Lenovo-IdeaPad-i7-13620H-38-1cm-83EM008GIN/dp/B0D6NCVQZQ/ref=sr_1_17?dib=eyJ2IjoiMSJ9.0yK2l9sAtFSM5oX7Z1gIgKgceZ2IJOiszkuLcYhlpe3N6lwMpJkLZlD_Vs2c9QM5oT9BuF_9azRdm8XvLrxrydZu9_-iWVVHGPTILIFGqHXDPkg5tqzHvj7kTdjKdWyWAu6A9ChbzlpK_8JvDNgKRyoyTpH_vsI_Jpke1cd0H7N7aLA994C846c1jZXWpMBjjaUBD8xXt5Qryky3hbO8P1yiCT3F_-2HfuCSB9XO0NI.O_XJOVXlYxL-M_vsSN7nueONB8jvpp8nVXP57P5_cyE&dib_tag=se&keywords=laptops&qid=1728839692&sr=8-17
16,"Lenovo IdeaPad Slim 1 AMD Ryzen 5 5500U 15.6"" HD Thin and Light Laptop (16GB/512GB SSD/Integrated AMD Graphics/Windows 11 Home/MSO 21/1Yr ADP Free/Cloud Grey/1.61Kg), 82R400ERIN  ","36,990",https://amazon.in//Lenovo-IdeaPad-Laptop-Windows-82R400ERIN/dp/B0CP2KRYLM/ref=sr_1_18?dib=eyJ2IjoiMSJ9.0yK2l9sAtFSM5oX7Z1gIgKgceZ2IJOiszkuLcYhlpe3N6lwMpJkLZlD_Vs2c9QM5oT9BuF_9azRdm8XvLrxrydZu9_-iWVVHGPTILIFGqHXDPkg5tqzHvj7kTdjKdWyWAu6A9ChbzlpK_8JvDNgKRyoyTpH_vsI_Jpke1cd0H7N7aLA994C846c1jZXWpMBjjaUBD8xXt5Qryky3hbO8P1yiCT3F_-2HfuCSB9XO0NI.O_XJOVXlYxL-M_vsSN7nueONB8jvpp8nVXP57P5_cyE&dib_tag=se&keywords=laptops&qid=1728839692&sr=8-18
17,"ASUS X515, 15.6"" FHD (1920 x 1080) 16:9, 60Hz 200nits, Intel Pentium Gold 7505, Thin & Light Laptop (8GB RAM/512GB SSD/Windows 11/Office Home/37WHr Battery/Transparent Silver/1.80 kg), X1500EA-EJ122WS  ","23,990",https://amazon.in//ASUS-Vivobook-15-6-inch-Intergrated-X1500EA-EJ122WS/dp/B0CZ3K42DX/ref=sr_1_19?dib=eyJ2IjoiMSJ9.0yK2l9sAtFSM5oX7Z1gIgKgceZ2IJOiszkuLcYhlpe3N6lwMpJkLZlD_Vs2c9QM5oT9BuF_9azRdm8XvLrxrydZu9_-iWVVHGPTILIFGqHXDPkg5tqzHvj7kTdjKdWyWAu6A9ChbzlpK_8JvDNgKRyoyTpH_vsI_Jpke1cd0H7N7aLA994C846c1jZXWpMBjjaUBD8xXt5Qryky3hbO8P1yiCT3F_-2HfuCSB9XO0NI.O_XJOVXlYxL-M_vsSN7nueONB8jvpp8nVXP57P5_cyE&dib_tag=se&keywords=laptops&qid=1728839692&sr=8-19
18,"Apple MacBook Air Laptop: Apple M1 chip, 13.3-inch/33.74 cm Retina Display, 8GB RAM, 256GB SSD Storage, Backlit Keyboard, FaceTime HD Camera, Touch ID. Works with iPhone/iPad; Space Grey  ","59,990",https://amazon.in//gp/bestsellers/computers/22963796031/ref=sr_bs_19_22963796031_1
19,"Lenovo LOQ 2024 Intel Core i5-12450HX 15.6"" (39.6cm) 144Hz 300Nits FHD IPS Gaming Laptop (24GB/512GB SSD/Win 11/NVIDIA RTX 3050 6GB Graphics/1Yr ADP Free/MSO 21/3 Mon Game Pass/Grey/2.4Kg), 83GS0098IN  ","69,490",https://amazon.in//sspa/click?ie=UTF8&spc=MTo4Nzg1MzY0MjUwNDM5NzU4OjE3Mjg4Mzk2OTI6c3BfYnRmOjMwMDM0MTk2OTg4MDAzMjo6MDo6&url=%2FLenovo-i5-12450HX-300Nits-Graphics-83GS0098IN%2Fdp%2FB0DB218DK7%2Fref%3Dsr_1_21_sspa%3Fdib%3DeyJ2IjoiMSJ9.0yK2l9sAtFSM5oX7Z1gIgKgceZ2IJOiszkuLcYhlpe3N6lwMpJkLZlD_Vs2c9QM5oT9BuF_9azRdm8XvLrxrydZu9_-iWVVHGPTILIFGqHXDPkg5tqzHvj7kTdjKdWyWAu6A9ChbzlpK_8JvDNgKRyoyTpH_vsI_Jpke1cd0H7N7aLA994C846c1jZXWpMBjjaUBD8xXt5Qryky3hbO8P1yiCT3F_-2HfuCSB9XO0NI.O_XJOVXlYxL-M_vsSN7nueONB8jvpp8nVXP57P5_cyE%26dib_tag%3Dse%26keywords%3Dlaptops%26qid%3D1728839692%26sr%3D8-21-spons%26sp_csd%3Dd2lkZ2V0TmFtZT1zcF9idGY%26psc%3D1
20,"Acer ALG Gaming Laptop 12th Gen Intel Core i5 Processor (16GB RAM/512GB SSD/6GB RTX3050/144Hz/Win11Home/Wifi 6) AL15G-52, 39.62cm (15.6"") Full HD, Premium Metal Body, Steel Gray, 1.99KG  ","57,990",https://amazon.in//sspa/click?ie=UTF8&spc=MTo4Nzg1MzY0MjUwNDM5NzU4OjE3Mjg4Mzk2OTI6c3BfYnRmOjMwMDI4MTUwMDA4OTIzMjo6MDo6&url=%2FAcer-Processor-RTX3050-Win11Home-AL15G-52%2Fdp%2FB0D32TY16C%2Fref%3Dsr_1_22_sspa%3Fdib%3DeyJ2IjoiMSJ9.0yK2l9sAtFSM5oX7Z1gIgKgceZ2IJOiszkuLcYhlpe3N6lwMpJkLZlD_Vs2c9QM5oT9BuF_9azRdm8XvLrxrydZu9_-iWVVHGPTILIFGqHXDPkg5tqzHvj7kTdjKdWyWAu6A9ChbzlpK_8JvDNgKRyoyTpH_vsI_Jpke1cd0H7N7aLA994C846c1jZXWpMBjjaUBD8xXt5Qryky3hbO8P1yiCT3F_-2HfuCSB9XO0NI.O_XJOVXlYxL-M_vsSN7nueONB8jvpp8nVXP57P5_cyE%26dib_tag%3Dse%26keywords%3Dlaptops%26qid%3D1728839692%26sr%3D8-22-spons%26sp_csd%3Dd2lkZ2V0TmFtZT1zcF9idGY%26psc%3D1
21,"MSI Cyborg 15, Intel 12th Gen. i5-12450H, 40CM FHD 144Hz Gaming Laptop (8GB/512GB NVMe SSD/Windows 11 Home/Nvidia GeForce RTX 2050, GDDR6 4GB/Black/1.98Kg), A12UCX-265IN  ","50,990",https://amazon.in//sspa/click?ie=UTF8&spc=MToxMTEwNTczNjM3MjU2NDA0OjE3Mjg4Mzk2OTg6c3BfYXRmX25leHQ6MzAwMzQxOTY5ODgxNjMyOjowOjo&url=%2FMSI-Cyborg-15-i5-12450H-A12UCX-265IN%2Fdp%2FB0C3J2MHG9%2Fref%3Dsr_1_17_sspa%3Fdib%3DeyJ2IjoiMSJ9.zit00vrTtKI7O4VmqqOQ9-sZU89kJ6cYgU_znt4mLrBzladPH3FN7kDe8rVsblhD-Pw5KFNxbps1iMlcVyl_x-Lzdw2Mlc3fJdGeHEqAd1_ySFMnK64t0IAmH0OwqynJ0KvWP7f2n0fO_nrXuBFDg0W5YBfWkOgj6H_WIkAnH1j17w_Zjb8t4FjzOsZpWIumEtLIdioCZ4AZJY1rLliVKLGrxPPrmUPUsOgvXUsn0Ao.ujO_4WUNdu6ysexli-yEMcyE10UHP8AjUqS1zpZ3kfo%26dib_tag%3Dse%26keywords%3Dlaptops%26qid%3D1728839698%26sr%3D8-17-spons%26sp_csd%3Dd2lkZ2V0TmFtZT1zcF9hdGZfbmV4dA%26psc%3D1
22,"HP Victus Gaming Laptop, 13th Gen Intel Core i7-13620H, 8GB RTX 4060 GPU, 15.6-inch (39.6 cm), FHD, IPS, 144Hz, 16GB DDR4, 1TB SSD, Backlit KB, B&O (MSO 2021, Silver, 2.29 kg), fa1333TX  ","1,04,990",https://amazon.in//sspa/click?ie=UTF8&spc=MToxMTEwNTczNjM3MjU2NDA0OjE3Mjg4Mzk2OTg6c3BfYXRmX25leHQ6MzAwMzQxOTY5ODgwNDMyOjowOjo&url=%2FHP-i7-13620H-15-6-inch-Backlit-fa1333TX%2Fdp%2FB0D7H15S9Z%2Fref%3Dsr_1_18_sspa%3Fdib%3DeyJ2IjoiMSJ9.zit00vrTtKI7O4VmqqOQ9-sZU89kJ6cYgU_znt4mLrBzladPH3FN7kDe8rVsblhD-Pw5KFNxbps1iMlcVyl_x-Lzdw2Mlc3fJdGeHEqAd1_ySFMnK64t0IAmH0OwqynJ0KvWP7f2n0fO_nrXuBFDg0W5YBfWkOgj6H_WIkAnH1j17w_Zjb8t4FjzOsZpWIumEtLIdioCZ4AZJY1rLliVKLGrxPPrmUPUsOgvXUsn0Ao.ujO_4WUNdu6ysexli-yEMcyE10UHP8AjUqS1zpZ3kfo%26dib_tag%3Dse%26keywords%3Dlaptops%26qid%3D1728839698%26sr%3D8-18-spons%26sp_csd%3Dd2lkZ2V0TmFtZT1zcF9hdGZfbmV4dA%26psc%3D1
23,"HP Laptop 15s, 12th Gen Intel Core i3, 15.6-inch (39.6 cm), 8GB DDR4, 512GB SSD, Thin & Light, Dual Speakers (Win 11, MSO 2021, Silver, 1.69 kg), fq5007TU / FQ5327TU  ","36,990",https://amazon.in//HP-i3-1215U-15-6-inch-Graphics-Speakers/dp/B0BP2M7CCS/ref=ice_ac_b_dpb?dib=eyJ2IjoiMSJ9.0yK2l9sAtFSM5oX7Z1gIgKgceZ2IJOiszkuLcYhlpe3N6lwMpJkLZlD_Vs2c9QM5oT9BuF_9azRdm8XvLrxrydZu9_-iWVVHGPTILIFGqHXDPkg5tqzHvj7kTdjKdWyWAu6A9ChbzlpK_8JvDNgKRyoyTpH_vsI_Jpke1cd0H7N7aLA994C846c1jZXWpMBjjaUBD8xXt5Qryky3hbO8P1yiCT3F_-2HfuCSB9XO0NI.O_XJOVXlYxL-M_vsSN7nueONB8jvpp8nVXP57P5_cyE&dib_tag=se&keywords=laptops&qid=1728839692&sr=8-3
24,"Acer Aspire 3 Laptop Intel Core Celeron N4500 Processor Laptop (8 GB LPDDR4X SDRAM/256 GB SSD/Win11 Home/38 WHR/HD Webcam) A325-45 with 39.63 cm (15.6"") HD Display, Pure Silver, 1.5 KG  ","19,990",https://amazon.in//Acer-Celeron-Processor-LPDDR4X-A325-45/dp/B0D7PTFFZH/ref=sr_1_19?dib=eyJ2IjoiMSJ9.zit00vrTtKI7O4VmqqOQ9-sZU89kJ6cYgU_znt4mLrBzladPH3FN7kDe8rVsblhD-Pw5KFNxbps1iMlcVyl_x-Lzdw2Mlc3fJdGeHEqAd1_ySFMnK64t0IAmH0OwqynJ0KvWP7f2n0fO_nrXuBFDg0W5YBfWkOgj6H_WIkAnH1j17w_Zjb8t4FjzOsZpWIumEtLIdioCZ4AZJY1rLliVKLGrxPPrmUPUsOgvXUsn0Ao.ujO_4WUNdu6ysexli-yEMcyE10UHP8AjUqS1zpZ3kfo&dib_tag=se&keywords=laptops&qid=1728839698&sr=8-19
25,"ASUS Vivobook 14 Thin and Light Laptop, IntelCore i3-1215U 12th Gen, 14"" (35.56 cm) FHD, (8 GB RAM/512GB SSD/Win11/Office 2021/Fingerprint/42WHr /Blue/1.40 kg), X1404ZA-NK321WS  ","31,990",https://amazon.in//ASUS-Vivobook-IntelCore-Fingerprint-X1404ZA-NK321WS/dp/B0CCP9PH92/ref=sr_1_20?dib=eyJ2IjoiMSJ9.zit00vrTtKI7O4VmqqOQ9-sZU89kJ6cYgU_znt4mLrBzladPH3FN7kDe8rVsblhD-Pw5KFNxbps1iMlcVyl_x-Lzdw2Mlc3fJdGeHEqAd1_ySFMnK64t0IAmH0OwqynJ0KvWP7f2n0fO_nrXuBFDg0W5YBfWkOgj6H_WIkAnH1j17w_Zjb8t4FjzOsZpWIumEtLIdioCZ4AZJY1rLliVKLGrxPPrmUPUsOgvXUsn0Ao.ujO_4WUNdu6ysexli-yEMcyE10UHP8AjUqS1zpZ3kfo&dib_tag=se&keywords=laptops&qid=1728839698&sr=8-20
26,"ASUS Vivobook 15, Intel Core i5-12500H 12th Gen, 15.6"" (39.62 cm) FHD, Thin and Light Laptop (16GB RAM/512GB/Win11/Office 2021/Silver/1.7 kg), X1502ZA-EJ542WS  ","48,990",https://amazon.in//ASUS-Vivobook-i5-12500H-Laptop-X1502ZA-EJ542WS/dp/B0C5Y3JBC4/ref=sr_1_21?dib=eyJ2IjoiMSJ9.zit00vrTtKI7O4VmqqOQ9-sZU89kJ6cYgU_znt4mLrBzladPH3FN7kDe8rVsblhD-Pw5KFNxbps1iMlcVyl_x-Lzdw2Mlc3fJdGeHEqAd1_ySFMnK64t0IAmH0OwqynJ0KvWP7f2n0fO_nrXuBFDg0W5YBfWkOgj6H_WIkAnH1j17w_Zjb8t4FjzOsZpWIumEtLIdioCZ4AZJY1rLliVKLGrxPPrmUPUsOgvXUsn0Ao.ujO_4WUNdu6ysexli-yEMcyE10UHP8AjUqS1zpZ3kfo&dib_tag=se&keywords=laptops&qid=1728839698&sr=8-21
27,"Acer Nitro V Gaming Laptop 13th Gen Intel Core i5-13420H with RTX 4050 Graphics 6GB VRAM, 144Hz Display (16GB DDR5/512GB SSD/Windows 11 Home/Wi-Fi 6),15.6""(39.6cms) FHD ANV15-51  ","75,990",https://amazon.in//sspa/click?ie=UTF8&spc=MTo3OTc4MjY1NDI2Mjc5MDI3OjE3Mjg4Mzk2OTg6c3Bfc2VhcmNoX3RoZW1hdGljOjMwMDE2NzgyOTQ2ODUzMjo6MDo6&url=%2FAcer-i5-13420H-Graphics-Display-ANV15-51%2Fdp%2FB0CHJJZ9G8%2Fref%3Dsxin_15_pa_sp_search_thematic_sspa%3Fcontent-id%3Damzn1.sym.59126330-c308-4c36-a5a0-21cac002681f%253Aamzn1.sym.59126330-c308-4c36-a5a0-21cac002681f%26cv_ct_cx%3Dlaptops%26dib%3DeyJ2IjoiMSJ9.f8rNl7BQ49LJt4a3lyolHSwbE9uvmkqi385K2Vzduv2BvbiQfeXBPvUYaDtSTKwEh5NlDp8SPKruBZeAWMWPvA.w22HWIIigYCxADohFtRb5Zf6abXJ42OcjoCAVrCWGAo%26dib_tag%3Dse%26keywords%3Dlaptops%26pd_rd_i%3DB0CHJJZ9G8%26pd_rd_r%3Db6bbaf51-35f3-44fa-beb4-b03be71c7252%26pd_rd_w%3DbKunT%26pd_rd_wg%3D5z9vO%26pf_rd_p%3D59126330-c308-4c36-a5a0-21cac002681f%26pf_rd_r%3D3H9JT5FWEHW4179VGET7%26qid%3D1728839698%26sbo%3DRZvfv%252F%252FHxDF%252BO5021pAnSA%253D%253D%26sr%3D1-17-2ec22325-1003-449d-8aaf-c0bcc24717ae-spons%26sp_csd%3Dd2lkZ2V0TmFtZT1zcF9zZWFyY2hfdGhlbWF0aWM%26psc%3D1
28,"Lenovo [Smartchoice LOQ 12th Gen Intel Core i5-12450HX /39.6cm/ 144Hz 300Nits FHD Gaming Laptop (16GB/512GB SSD/Win 11/ RTX 3050 6GB Graphics/100% sRGB/MSO 21/3 Mon Game Pass/Grey/2.4Kg), 83GS003UIN  ","65,240",https://amazon.in//sspa/click?ie=UTF8&spc=MTo3OTc4MjY1NDI2Mjc5MDI3OjE3Mjg4Mzk2OTg6c3Bfc2VhcmNoX3RoZW1hdGljOjMwMDE5MDM1NDM1MDMzMjo6MTo6&url=%2FLenovo-Smartchoice-i5-12450HX-Graphics-83GS003UIN%2Fdp%2FB0CX8XPKWJ%2Fref%3Dsxin_15_pa_sp_search_thematic_sspa%3Fcontent-id%3Damzn1.sym.59126330-c308-4c36-a5a0-21cac002681f%253Aamzn1.sym.59126330-c308-4c36-a5a0-21cac002681f%26cv_ct_cx%3Dlaptops%26dib%3DeyJ2IjoiMSJ9.f8rNl7BQ49LJt4a3lyolHSwbE9uvmkqi385K2Vzduv2BvbiQfeXBPvUYaDtSTKwEh5NlDp8SPKruBZeAWMWPvA.w22HWIIigYCxADohFtRb5Zf6abXJ42OcjoCAVrCWGAo%26dib_tag%3Dse%26keywords%3Dlaptops%26pd_rd_i%3DB0CX8XPKWJ%26pd_rd_r%3Db6bbaf51-35f3-44fa-beb4-b03be71c7252%26pd_rd_w%3DbKunT%26pd_rd_wg%3D5z9vO%26pf_rd_p%3D59126330-c308-4c36-a5a0-21cac002681f%26pf_rd_r%3D3H9JT5FWEHW4179VGET7%26qid%3D1728839698%26sbo%3DRZvfv%252F%252FHxDF%252BO5021pAnSA%253D%253D%26sr%3D1-18-2ec22325-1003-449d-8aaf-c0bcc24717ae-spons%26sp_csd%3Dd2lkZ2V0TmFtZT1zcF9zZWFyY2hfdGhlbWF0aWM%26psc%3D1
29,"HP Victus Gaming Laptop, Windows 11 Home, 12Th Gen Intel Core I5-12450H,4Gb RTX 3050 Gpu,15.6-Inch(39.6 Cm),Fhd,IPS,16Gb Ddr4,512Gb Ssd,Backlit Kb,Dual Speakers (Mso, Blue,2.37 Kg),Fa0666Tx/Fa0444Tx  ","65,990",https://amazon.in//sspa/click?ie=UTF8&spc=MTo3OTc4MjY1NDI2Mjc5MDI3OjE3Mjg4Mzk2OTg6c3Bfc2VhcmNoX3RoZW1hdGljOjMwMDI1MDI1NjQ0MzYzMjo6Mjo6&url=%2FHP-i5-12450H-15-6-inch-Response-fa0666TX%2Fdp%2FB0C2HZYM87%2Fref%3Dsxin_15_pa_sp_search_thematic_sspa%3Fcontent-id%3Damzn1.sym.59126330-c308-4c36-a5a0-21cac002681f%253Aamzn1.sym.59126330-c308-4c36-a5a0-21cac002681f%26cv_ct_cx%3Dlaptops%26dib%3DeyJ2IjoiMSJ9.f8rNl7BQ49LJt4a3lyolHSwbE9uvmkqi385K2Vzduv2BvbiQfeXBPvUYaDtSTKwEh5NlDp8SPKruBZeAWMWPvA.w22HWIIigYCxADohFtRb5Zf6abXJ42OcjoCAVrCWGAo%26dib_tag%3Dse%26keywords%3Dlaptops%26pd_rd_i%3DB0C2HZYM87%26pd_rd_r%3Db6bbaf51-35f3-44fa-beb4-b03be71c7252%26pd_rd_w%3DbKunT%26pd_rd_wg%3D5z9vO%26pf_rd_p%3D59126330-c308-4c36-a5a0-21cac002681f%26pf_rd_r%3D3H9JT5FWEHW4179VGET7%26qid%3D1728839698%26sbo%3DRZvfv%252F%252FHxDF%252BO5021pAnSA%253D%253D%26sr%3D1-19-2ec22325-1003-449d-8aaf-c0bcc24717ae-spons%26sp_csd%3Dd2lkZ2V0TmFtZT1zcF9zZWFyY2hfdGhlbWF0aWM%26psc%3D1
30,"Lenovo IdeaPad 1 AMD Ryzen 5 5500U 15.6"" (39.62cm) FHD Thin & Light Laptop (8GB/512GB SSD/Integrated AMD Graphics/Windows 11/Office 2021/HD Camera/1 Year ADP Free/Grey/1.6Kg), 82R400BRIN  ","35,490",https://amazon.in//sspa/click?ie=UTF8&spc=MTo3OTc4MjY1NDI2Mjc5MDI3OjE3Mjg4Mzk2OTg6c3Bfc2VhcmNoX3RoZW1hdGljOjIwMTA3NDQwMDY5MTk4OjozOjo&url=%2FLenovo-IdeaPad-39-62cm-Windows-82R400BGIN%2Fdp%2FB09MM58Y7Q%2Fref%3Dsxin_15_pa_sp_search_thematic_sspa%3Fcontent-id%3Damzn1.sym.59126330-c308-4c36-a5a0-21cac002681f%253Aamzn1.sym.59126330-c308-4c36-a5a0-21cac002681f%26cv_ct_cx%3Dlaptops%26dib%3DeyJ2IjoiMSJ9.f8rNl7BQ49LJt4a3lyolHSwbE9uvmkqi385K2Vzduv2BvbiQfeXBPvUYaDtSTKwEh5NlDp8SPKruBZeAWMWPvA.w22HWIIigYCxADohFtRb5Zf6abXJ42OcjoCAVrCWGAo%26dib_tag%3Dse%26keywords%3Dlaptops%26pd_rd_i%3DB09MM58Y7Q%26pd_rd_r%3Db6bbaf51-35f3-44fa-beb4-b03be71c7252%26pd_rd_w%3DbKunT%26pd_rd_wg%3D5z9vO%26pf_rd_p%3D59126330-c308-4c36-a5a0-21cac002681f%26pf_rd_r%3D3H9JT5FWEHW4179VGET7%26qid%3D1728839698%26sbo%3DRZvfv%252F%252FHxDF%252BO5021pAnSA%253D%253D%26sr%3D1-20-2ec22325-1003-449d-8aaf-c0bcc24717ae-spons%26sp_csd%3Dd2lkZ2V0TmFtZT1zcF9zZWFyY2hfdGhlbWF0aWM%26psc%3D1
31,"Lenovo LOQ 2024 Intel Core i5-13450HX 15.6"" (39.6cm) 144Hz 300Nits FHD IPS Gaming Laptop (16GB/512GB SSD/Win 11/NVIDIA RTX 4050 6GB Graphics/MSO 21/1Yr ADP Free/3 Mon Game Pass/Grey/2.4Kg), 83DV007GIN  ","83,990",https://amazon.in//sspa/click?ie=UTF8&spc=MTo3OTc4MjY1NDI2Mjc5MDI3OjE3Mjg4Mzk2OTg6c3Bfc2VhcmNoX3RoZW1hdGljOjMwMDI1MDI2NTAzOTMzMjo6NDo6&url=%2FLenovo-i5-13450HX-300Nits-Graphics-83DV007GIN%2Fdp%2FB0D49W5KZP%2Fref%3Dsxin_15_pa_sp_search_thematic_sspa%3Fcontent-id%3Damzn1.sym.59126330-c308-4c36-a5a0-21cac002681f%253Aamzn1.sym.59126330-c308-4c36-a5a0-21cac002681f%26cv_ct_cx%3Dlaptops%26dib%3DeyJ2IjoiMSJ9.f8rNl7BQ49LJt4a3lyolHSwbE9uvmkqi385K2Vzduv2BvbiQfeXBPvUYaDtSTKwEh5NlDp8SPKruBZeAWMWPvA.w22HWIIigYCxADohFtRb5Zf6abXJ42OcjoCAVrCWGAo%26dib_tag%3Dse%26keywords%3Dlaptops%26pd_rd_i%3DB0D49W5KZP%26pd_rd_r%3Db6bbaf51-35f3-44fa-beb4-b03be71c7252%26pd_rd_w%3DbKunT%26pd_rd_wg%3D5z9vO%26pf_rd_p%3D59126330-c308-4c36-a5a0-21cac002681f%26pf_rd_r%3D3H9JT5FWEHW4179VGET7%26qid%3D1728839698%26sbo%3DRZvfv%252F%252FHxDF%252BO5021pAnSA%253D%253D%26sr%3D1-21-2ec22325-1003-449d-8aaf-c0bcc24717ae-spons%26sp_csd%3Dd2lkZ2V0TmFtZT1zcF9zZWFyY2hfdGhlbWF0aWM%26psc%3D1
32,"HP 15 Intel Core i5 13th Gen (16GB DDR4 RAM/ 512 GB NVMe M.2 SSD/Windows 11 / MS Office'2021 / FHD 15.6"" (39.6 cm) + Backlit Keyboard/Silver / 1.59 kg/Dual Speakers) fd0221TU / Laptop  ","55,880",https://amazon.in//HP-Windows-Backlit-Keyboard-fd0221TU/dp/B0CTKHG3F6/ref=sr_1_22?dib=eyJ2IjoiMSJ9.zit00vrTtKI7O4VmqqOQ9-sZU89kJ6cYgU_znt4mLrBzladPH3FN7kDe8rVsblhD-Pw5KFNxbps1iMlcVyl_x-Lzdw2Mlc3fJdGeHEqAd1_ySFMnK64t0IAmH0OwqynJ0KvWP7f2n0fO_nrXuBFDg0W5YBfWkOgj6H_WIkAnH1j17w_Zjb8t4FjzOsZpWIumEtLIdioCZ4AZJY1rLliVKLGrxPPrmUPUsOgvXUsn0Ao.ujO_4WUNdu6ysexli-yEMcyE10UHP8AjUqS1zpZ3kfo&dib_tag=se&keywords=laptops&qid=1728839698&sr=8-22
33,"(Refurbished) Lenovo ThinkPad 6th Gen Intel Core i5 Thin & Light HD Laptop (8 GB RAM|256 GB SSD|14"" (39.6 cm) HD|Windows 11|MS Office|WiFi|BT|Webcam|Intel Graphics)  ","14,499",https://amazon.in//gp/bestsellers/amazon-renewed/76338878031/ref=sr_bs_6_76338878031_1
34,HP 15s Core i5 12th Gen (16GB RAM/512GB SSD/FHD/MS Office 21 /Backlit Keyboard /15.6-inch (39.6 cm)/FHD/Windows 11/Silver/1.69 kg) fy5009TU Laptop  ,"50,990",https://amazon.in//HP-Backlit-Keyboard-15-6-inch-fy5009TU/dp/B0D4M66F6R/ref=sr_1_4?dib=eyJ2IjoiMSJ9.0yK2l9sAtFSM5oX7Z1gIgKgceZ2IJOiszkuLcYhlpe3N6lwMpJkLZlD_Vs2c9QM5oT9BuF_9azRdm8XvLrxrydZu9_-iWVVHGPTILIFGqHXDPkg5tqzHvj7kTdjKdWyWAu6A9ChbzlpK_8JvDNgKRyoyTpH_vsI_Jpke1cd0H7N7aLA994C846c1jZXWpMBjjaUBD8xXt5Qryky3hbO8P1yiCT3F_-2HfuCSB9XO0NI.O_XJOVXlYxL-M_vsSN7nueONB8jvpp8nVXP57P5_cyE&dib_tag=se&keywords=laptops&qid=1728839692&sr=8-4
35,"Dell Inspiron 3530 Thin & Light Laptop, 13th Gen Intel Core i3-1305U/8GB/512GB SSD/15.6"" (39.62cm) 120Hz Refresh Rate on a FHD IPS Display/Windows 11 + MSO'21+McAfee 15 Month/Carbon Black/1.62kg  ","36,990",https://amazon.in//Dell-Inspiron-3530-i3-1305U-Comfortview/dp/B0C4ZM63RP/ref=sr_1_24?dib=eyJ2IjoiMSJ9.zit00vrTtKI7O4VmqqOQ9-sZU89kJ6cYgU_znt4mLrBzladPH3FN7kDe8rVsblhD-Pw5KFNxbps1iMlcVyl_x-Lzdw2Mlc3fJdGeHEqAd1_ySFMnK64t0IAmH0OwqynJ0KvWP7f2n0fO_nrXuBFDg0W5YBfWkOgj6H_WIkAnH1j17w_Zjb8t4FjzOsZpWIumEtLIdioCZ4AZJY1rLliVKLGrxPPrmUPUsOgvXUsn0Ao.ujO_4WUNdu6ysexli-yEMcyE10UHP8AjUqS1zpZ3kfo&dib_tag=se&keywords=laptops&qid=1728839698&sr=8-24
36,"Lenovo IdeaPad Slim 3 12th Gen Intel Core i5-12450H 14"" (35.5cm) FHD 250 Nits Thin & Light Laptop (16GB/512GB SSD/Win 11/Office 21/1Yr ADP Free/Alexa built-in/3 mon. Game Pass/Grey/1.37Kg), 83EQ005VIN  ","49,190",https://amazon.in//Lenovo-IdeaPad-i5-12450H-35-5cm-83EQ005VIN/dp/B0D6MPVN7B/ref=sr_1_25?dib=eyJ2IjoiMSJ9.zit00vrTtKI7O4VmqqOQ9-sZU89kJ6cYgU_znt4mLrBzladPH3FN7kDe8rVsblhD-Pw5KFNxbps1iMlcVyl_x-Lzdw2Mlc3fJdGeHEqAd1_ySFMnK64t0IAmH0OwqynJ0KvWP7f2n0fO_nrXuBFDg0W5YBfWkOgj6H_WIkAnH1j17w_Zjb8t4FjzOsZpWIumEtLIdioCZ4AZJY1rLliVKLGrxPPrmUPUsOgvXUsn0Ao.ujO_4WUNdu6ysexli-yEMcyE10UHP8AjUqS1zpZ3kfo&dib_tag=se&keywords=laptops&qid=1728839698&sr=8-25
37,"Acer Aspire 3 Laptop Intel Core Celeron N4500 Processor Laptop (8 GB LPDDR4X SDRAM/256 GB SSD/Win11 Home/38 Whr/HD Webcam) A324-45 with 35.56 cm (14"") HD Display, Pure Silver, 1.3 KG  ","18,990",https://amazon.in//Acer-Celeron-Processor-LPDDR4X-A324-45/dp/B0D7PSYS6B/ref=sr_1_26?dib=eyJ2IjoiMSJ9.zit00vrTtKI7O4VmqqOQ9-sZU89kJ6cYgU_znt4mLrBzladPH3FN7kDe8rVsblhD-Pw5KFNxbps1iMlcVyl_x-Lzdw2Mlc3fJdGeHEqAd1_ySFMnK64t0IAmH0OwqynJ0KvWP7f2n0fO_nrXuBFDg0W5YBfWkOgj6H_WIkAnH1j17w_Zjb8t4FjzOsZpWIumEtLIdioCZ4AZJY1rLliVKLGrxPPrmUPUsOgvXUsn0Ao.ujO_4WUNdu6ysexli-yEMcyE10UHP8AjUqS1zpZ3kfo&dib_tag=se&keywords=laptops&qid=1728839698&sr=8-26
38,"Lenovo IdeaPad Slim 3 13th Gen Intel Core i7-13620H 15"" (38.1cm) FHD IPS 300 Nits Thin & Light Laptop (16GB/512GB SSD/Win 11/MSO 21/1Yr ADP Free/Alexa Built-in/3 mon Game Pass/Grey/1.6Kg), 83EM008GIN  ","59,990",https://amazon.in//sspa/click?ie=UTF8&spc=MToxMTEwNTczNjM3MjU2NDA0OjE3Mjg4Mzk2OTg6c3BfbXRmOjMwMDIyNDI3MzIxNDAzMjo6MDo6&url=%2FLenovo-IdeaPad-i7-13620H-38-1cm-83EM008GIN%2Fdp%2FB0D6NCVQZQ%2Fref%3Dsr_1_27_sspa%3Fdib%3DeyJ2IjoiMSJ9.zit00vrTtKI7O4VmqqOQ9-sZU89kJ6cYgU_znt4mLrBzladPH3FN7kDe8rVsblhD-Pw5KFNxbps1iMlcVyl_x-Lzdw2Mlc3fJdGeHEqAd1_ySFMnK64t0IAmH0OwqynJ0KvWP7f2n0fO_nrXuBFDg0W5YBfWkOgj6H_WIkAnH1j17w_Zjb8t4FjzOsZpWIumEtLIdioCZ4AZJY1rLliVKLGrxPPrmUPUsOgvXUsn0Ao.ujO_4WUNdu6ysexli-yEMcyE10UHP8AjUqS1zpZ3kfo%26dib_tag%3Dse%26keywords%3Dlaptops%26qid%3D1728839698%26sr%3D8-27-spons%26sp_csd%3Dd2lkZ2V0TmFtZT1zcF9tdGY%26psc%3D1
39,"Lenovo LOQ 2024 12th Gen Intel Core i5-12450HX 15.6"" (39.6cm) 144Hz 300Nits FHD Gaming Laptop (24GB/512GB SSD/Win 11/NVIDIA RTX 2050 4GB/100% sRGB/3 Mon. Game Pass/1Yr ADP Free/Grey/2.4Kg), 83GS00CKIN  ","59,940",https://amazon.in//sspa/click?ie=UTF8&spc=MToxMTEwNTczNjM3MjU2NDA0OjE3Mjg4Mzk2OTg6c3BfbXRmOjMwMDM0MTk2OTg3OTgzMjo6MDo6&url=%2FLenovo-i5-12450HX-39-6cm-300Nits-83GS00CKIN%2Fdp%2FB0D8L6R3T3%2Fref%3Dsr_1_28_sspa%3Fdib%3DeyJ2IjoiMSJ9.zit00vrTtKI7O4VmqqOQ9-sZU89kJ6cYgU_znt4mLrBzladPH3FN7kDe8rVsblhD-Pw5KFNxbps1iMlcVyl_x-Lzdw2Mlc3fJdGeHEqAd1_ySFMnK64t0IAmH0OwqynJ0KvWP7f2n0fO_nrXuBFDg0W5YBfWkOgj6H_WIkAnH1j17w_Zjb8t4FjzOsZpWIumEtLIdioCZ4AZJY1rLliVKLGrxPPrmUPUsOgvXUsn0Ao.ujO_4WUNdu6ysexli-yEMcyE10UHP8AjUqS1zpZ3kfo%26dib_tag%3Dse%26keywords%3Dlaptops%26qid%3D1728839698%26sr%3D8-28-spons%26sp_csd%3Dd2lkZ2V0TmFtZT1zcF9tdGY%26psc%3D1
40,"Lenovo V14 G3 (2024), Intel Core i5 12th Gen 1235U - (8GB/512GB SSD/Intel Integrated UHD Graphics/Windows 11 Pro) Thin and Light Business Laptop/14.0"" FHD Display/Iron Grey/1.57 kg/MS Office 2021  ","36,930",https://amazon.in//Lenovo-V14-G3-Intel-1235U/dp/B0DGL4G9Q9/ref=sr_1_29?dib=eyJ2IjoiMSJ9.zit00vrTtKI7O4VmqqOQ9-sZU89kJ6cYgU_znt4mLrBzladPH3FN7kDe8rVsblhD-Pw5KFNxbps1iMlcVyl_x-Lzdw2Mlc3fJdGeHEqAd1_ySFMnK64t0IAmH0OwqynJ0KvWP7f2n0fO_nrXuBFDg0W5YBfWkOgj6H_WIkAnH1j17w_Zjb8t4FjzOsZpWIumEtLIdioCZ4AZJY1rLliVKLGrxPPrmUPUsOgvXUsn0Ao.ujO_4WUNdu6ysexli-yEMcyE10UHP8AjUqS1zpZ3kfo&dib_tag=se&keywords=laptops&qid=1728839698&sr=8-29
41,"HP 15s Core i3 12th Gen (8GB RAM/512GB SSD/FHD/MS Office 21/Windows 11/15.6"" (39.6cm)/Silver/1.69 kg) fy5011TU Laptop  ","35,990",https://amazon.in//HP-Office-Windows-39-6cm-fy5011TU/dp/B0D4LZMJ5Z/ref=sr_1_30?dib=eyJ2IjoiMSJ9.zit00vrTtKI7O4VmqqOQ9-sZU89kJ6cYgU_znt4mLrBzladPH3FN7kDe8rVsblhD-Pw5KFNxbps1iMlcVyl_x-Lzdw2Mlc3fJdGeHEqAd1_ySFMnK64t0IAmH0OwqynJ0KvWP7f2n0fO_nrXuBFDg0W5YBfWkOgj6H_WIkAnH1j17w_Zjb8t4FjzOsZpWIumEtLIdioCZ4AZJY1rLliVKLGrxPPrmUPUsOgvXUsn0Ao.ujO_4WUNdu6ysexli-yEMcyE10UHP8AjUqS1zpZ3kfo&dib_tag=se&keywords=laptops&qid=1728839698&sr=8-30
42,"Dell 15 Thin & Light Laptop, 12th Gen Intel Core i5-1235U Processor, 8GB, 512GB SSD, 15.6"" (38) cm FHD Display, Windows 11 + MSO'21, 15 Month McAfee Antivirus, Black, Spill-Resistant Keyboard,1.66kg  ","43,990",https://amazon.in//Dell-i5-1235U-Processor-Antivirus-Spill-Resistant/dp/B0CSG4G18G/ref=sr_1_31?dib=eyJ2IjoiMSJ9.zit00vrTtKI7O4VmqqOQ9-sZU89kJ6cYgU_znt4mLrBzladPH3FN7kDe8rVsblhD-Pw5KFNxbps1iMlcVyl_x-Lzdw2Mlc3fJdGeHEqAd1_ySFMnK64t0IAmH0OwqynJ0KvWP7f2n0fO_nrXuBFDg0W5YBfWkOgj6H_WIkAnH1j17w_Zjb8t4FjzOsZpWIumEtLIdioCZ4AZJY1rLliVKLGrxPPrmUPUsOgvXUsn0Ao.ujO_4WUNdu6ysexli-yEMcyE10UHP8AjUqS1zpZ3kfo&dib_tag=se&keywords=laptops&qid=1728839698&sr=8-31
43,"ASUS TUF Gaming A15, Ryzen 7 7435HS, 15.6-inch (39.62 cm) FHD 144Hz, Gaming Laptop (16GB RAM/512GB SSD/NVIDIA GeForce RTX 3050/Windows 11/48WHr/Graphite Black/2.3 Kg), FA506NCR-HN054W  ","60,990",https://amazon.in//ASUS-15-6-inch-GeForce-Graphite-FA506NCR-HN054W/dp/B0D5DFR78J/ref=sr_1_32?dib=eyJ2IjoiMSJ9.zit00vrTtKI7O4VmqqOQ9-sZU89kJ6cYgU_znt4mLrBzladPH3FN7kDe8rVsblhD-Pw5KFNxbps1iMlcVyl_x-Lzdw2Mlc3fJdGeHEqAd1_ySFMnK64t0IAmH0OwqynJ0KvWP7f2n0fO_nrXuBFDg0W5YBfWkOgj6H_WIkAnH1j17w_Zjb8t4FjzOsZpWIumEtLIdioCZ4AZJY1rLliVKLGrxPPrmUPUsOgvXUsn0Ao.ujO_4WUNdu6ysexli-yEMcyE10UHP8AjUqS1zpZ3kfo&dib_tag=se&keywords=laptops&qid=1728839698&sr=8-32
44,"(Refurbished) Lenovo ThinkPad 5th Gen Intel Core i5 Thin & Light HD Laptop (8 GB RAM/256 GB SSD/14"" (35.6 cm) HD/Windows 10 Pro/MS Office/WiFi/Webcam/Intel Graphics), Black  ","13,118",https://amazon.in//Refurbished-Lenovo-ThinkPad-Windows-Graphics/dp/B0CR495DW5/ref=sr_1_33?dib=eyJ2IjoiMSJ9.zit00vrTtKI7O4VmqqOQ9-sZU89kJ6cYgU_znt4mLrBzladPH3FN7kDe8rVsblhD-Pw5KFNxbps1iMlcVyl_x-Lzdw2Mlc3fJdGeHEqAd1_ySFMnK64t0IAmH0OwqynJ0KvWP7f2n0fO_nrXuBFDg0W5YBfWkOgj6H_WIkAnH1j17w_Zjb8t4FjzOsZpWIumEtLIdioCZ4AZJY1rLliVKLGrxPPrmUPUsOgvXUsn0Ao.ujO_4WUNdu6ysexli-yEMcyE10UHP8AjUqS1zpZ3kfo&dib_tag=se&keywords=laptops&qid=1728839698&sr=8-33
45,"Lenovo V15 G2 15.6"" FHD Anti-Glare Business Laptop, Intel Celeron N4500, 8GB RAM, 256 SSD, Intel UHD Graphics, HD Camera, HD Audio, Wi-Fi, Bluetooth, Windows 11, Black,  ","22,990",https://amazon.in//Lenovo-V15-G2-Anti-Glare-Bluetooth/dp/B0CVTJSWV1/ref=sr_1_5?dib=eyJ2IjoiMSJ9.0yK2l9sAtFSM5oX7Z1gIgKgceZ2IJOiszkuLcYhlpe3N6lwMpJkLZlD_Vs2c9QM5oT9BuF_9azRdm8XvLrxrydZu9_-iWVVHGPTILIFGqHXDPkg5tqzHvj7kTdjKdWyWAu6A9ChbzlpK_8JvDNgKRyoyTpH_vsI_Jpke1cd0H7N7aLA994C846c1jZXWpMBjjaUBD8xXt5Qryky3hbO8P1yiCT3F_-2HfuCSB9XO0NI.O_XJOVXlYxL-M_vsSN7nueONB8jvpp8nVXP57P5_cyE&dib_tag=se&keywords=laptops&qid=1728839692&sr=8-5
46,"Lenovo IdeaPad Slim 1 Intel Core Celeron N4020 14"" HD Thin and Light Laptop (8GB/512GB SSD/Windows 11 Home/Office 21/1Yr Warranty/Cloud Grey/1.3Kg), 82V6009LIN  ","22,990",https://amazon.in//Lenovo-IdeaPad-Celeron-Warranty-82V6009LIN/dp/B0D6Z2H2HR/ref=sr_1_34?dib=eyJ2IjoiMSJ9.zit00vrTtKI7O4VmqqOQ9-sZU89kJ6cYgU_znt4mLrBzladPH3FN7kDe8rVsblhD-Pw5KFNxbps1iMlcVyl_x-Lzdw2Mlc3fJdGeHEqAd1_ySFMnK64t0IAmH0OwqynJ0KvWP7f2n0fO_nrXuBFDg0W5YBfWkOgj6H_WIkAnH1j17w_Zjb8t4FjzOsZpWIumEtLIdioCZ4AZJY1rLliVKLGrxPPrmUPUsOgvXUsn0Ao.ujO_4WUNdu6ysexli-yEMcyE10UHP8AjUqS1zpZ3kfo&dib_tag=se&keywords=laptops&qid=1728839698&sr=8-34
47,"HP Pavilion 14, 12th Gen Intel Core i5-1235U, 14-inch (35.6 cm), FHD, 16GB DDR4, 512GB SSD, Intel Iris Xe graphics, FPR, 720p HD camera, Backlit KB (Win 11, MSO 2021, Silver, 1.41 kg), dv2014TU  ","57,990",https://amazon.in//HP-Pavilion-Micro-Edge-Graphics-14-dv2014TU/dp/B0B1M9HYBT/ref=sr_1_35?dib=eyJ2IjoiMSJ9.zit00vrTtKI7O4VmqqOQ9-sZU89kJ6cYgU_znt4mLrBzladPH3FN7kDe8rVsblhD-Pw5KFNxbps1iMlcVyl_x-Lzdw2Mlc3fJdGeHEqAd1_ySFMnK64t0IAmH0OwqynJ0KvWP7f2n0fO_nrXuBFDg0W5YBfWkOgj6H_WIkAnH1j17w_Zjb8t4FjzOsZpWIumEtLIdioCZ4AZJY1rLliVKLGrxPPrmUPUsOgvXUsn0Ao.ujO_4WUNdu6ysexli-yEMcyE10UHP8AjUqS1zpZ3kfo&dib_tag=se&keywords=laptops&qid=1728839698&sr=8-35
48,"MSI Thin 15, Intel Core i5-12450H, 40CM FHD 144Hz Gaming Laptop(16GB/512GB NVMe SSD/Windows 11 Home/NVIDIA GeForce RTX 2050,GDDR 4GB /Cosmos Gray/1.86Kg), B12UCX-1695IN  ","47,990",https://amazon.in//MSI-i5-12450H-Windows-GeForce-B12UCX-1695IN/dp/B0CV9S9VTD/ref=sr_1_36?dib=eyJ2IjoiMSJ9.zit00vrTtKI7O4VmqqOQ9-sZU89kJ6cYgU_znt4mLrBzladPH3FN7kDe8rVsblhD-Pw5KFNxbps1iMlcVyl_x-Lzdw2Mlc3fJdGeHEqAd1_ySFMnK64t0IAmH0OwqynJ0KvWP7f2n0fO_nrXuBFDg0W5YBfWkOgj6H_WIkAnH1j17w_Zjb8t4FjzOsZpWIumEtLIdioCZ4AZJY1rLliVKLGrxPPrmUPUsOgvXUsn0Ao.ujO_4WUNdu6ysexli-yEMcyE10UHP8AjUqS1zpZ3kfo&dib_tag=se&keywords=laptops&qid=1728839698&sr=8-36
49,"Lenovo LOQ 2024 Intel Core i5-13450HX 15.6"" (39.6cm) 144Hz 300Nits FHD IPS Gaming Laptop (16GB/512GB SSD/Win 11/NVIDIA RTX 4050 6GB Graphics/MSO 21/1Yr ADP Free/3 Mon Game Pass/Grey/2.4Kg), 83DV007GIN  ","83,990",https://amazon.in//sspa/click?ie=UTF8&spc=MToxMTEwNTczNjM3MjU2NDA0OjE3Mjg4Mzk2OTg6c3BfYnRmOjMwMDI1MDI2NTAzOTMzMjo6MDo6&url=%2FLenovo-i5-13450HX-300Nits-Graphics-83DV007GIN%2Fdp%2FB0D49W5KZP%2Fref%3Dsr_1_37_sspa%3Fdib%3DeyJ2IjoiMSJ9.zit00vrTtKI7O4VmqqOQ9-sZU89kJ6cYgU_znt4mLrBzladPH3FN7kDe8rVsblhD-Pw5KFNxbps1iMlcVyl_x-Lzdw2Mlc3fJdGeHEqAd1_ySFMnK64t0IAmH0OwqynJ0KvWP7f2n0fO_nrXuBFDg0W5YBfWkOgj6H_WIkAnH1j17w_Zjb8t4FjzOsZpWIumEtLIdioCZ4AZJY1rLliVKLGrxPPrmUPUsOgvXUsn0Ao.ujO_4WUNdu6ysexli-yEMcyE10UHP8AjUqS1zpZ3kfo%26dib_tag%3Dse%26keywords%3Dlaptops%26qid%3D1728839698%26sr%3D8-37-spons%26sp_csd%3Dd2lkZ2V0TmFtZT1zcF9idGY%26psc%3D1
50,"Lenovo IdeaPad Slim 3 12th Gen Intel Core i5-12450H 14"" (35.5cm) FHD 250 Nits Thin & Light Laptop (16GB/512GB SSD/Win 11/Office 21/1Yr ADP Free/Alexa built-in/3 mon. Game Pass/Grey/1.37Kg), 83EQ005VIN  ","49,190",https://amazon.in//sspa/click?ie=UTF8&spc=MToxMTEwNTczNjM3MjU2NDA0OjE3Mjg4Mzk2OTg6c3BfYnRmOjMwMDIzMjE4MzU0MTAzMjo6MDo6&url=%2FLenovo-IdeaPad-i5-12450H-35-5cm-83EQ005VIN%2Fdp%2FB0D6MPVN7B%2Fref%3Dsr_1_38_sspa%3Fdib%3DeyJ2IjoiMSJ9.zit00vrTtKI7O4VmqqOQ9-sZU89kJ6cYgU_znt4mLrBzladPH3FN7kDe8rVsblhD-Pw5KFNxbps1iMlcVyl_x-Lzdw2Mlc3fJdGeHEqAd1_ySFMnK64t0IAmH0OwqynJ0KvWP7f2n0fO_nrXuBFDg0W5YBfWkOgj6H_WIkAnH1j17w_Zjb8t4FjzOsZpWIumEtLIdioCZ4AZJY1rLliVKLGrxPPrmUPUsOgvXUsn0Ao.ujO_4WUNdu6ysexli-yEMcyE10UHP8AjUqS1zpZ3kfo%26dib_tag%3Dse%26keywords%3Dlaptops%26qid%3D1728839698%26sr%3D8-38-spons%26sp_csd%3Dd2lkZ2V0TmFtZT1zcF9idGY%26psc%3D1
51,"Dell Inspiron 3520 Laptop,12th Gen Intel Core i3-1215, Windows 11 + MSO'21, McAfee 15 Months, 8GB, 512GB SSD, 15.6"" (39.62Cms) 3 Sided Narrow Border Design with 120Hz FHD Display, Black, 1.65Kgs  ","34,100",https://amazon.in//sspa/click?ie=UTF8&spc=MTo4ODA4NzY0MzYxNTAxOTgwOjE3Mjg4Mzk3MDI6c3BfYXRmX25leHQ6MzAwMzQxNDQ2MzEzMzMyOjowOjo&url=%2FDell-Inspiron-i3-1215-39-62Cms-D560896WIN9B%2Fdp%2FB0BH4RQ4WV%2Fref%3Dsr_1_33_sspa%3Fdib%3DeyJ2IjoiMSJ9.0Az1eXhPRXBUyzfoDwz2gGT-PoQukerfSKxn7R4o1VWD6QUwj3fj72vI5OLMs3X2M59Hw7JjmuLkJhAy00SfKBTsyVsFIko5B90X6JtHX402qQ6-5XhGrnKtl0iOVHESu5fu3oxHAiHA4PfMK2P35uQ_aA-hznjl7vviL5S88Y7Fr0abT71B31Qq3hgUzoEKdCV9XIN-N7rP4lbXRR5YLHMBwCqlHrzSoD7tigS6b9s.iGhTySt_LWQN2qx1d7iW0ycs5ggikNDRBfgmU91uMV4%26dib_tag%3Dse%26keywords%3Dlaptops%26qid%3D1728839702%26sr%3D8-33-spons%26sp_csd%3Dd2lkZ2V0TmFtZT1zcF9hdGZfbmV4dA%26psc%3D1
52,"MSI Thin 15, Intel Core i5-13420H, 40CM FHD 144Hz Gaming Laptop(16GB/512GB NVMe SSD/Windows 11 Home/NVIDIA GeForce RTX 2050,GDDR6 4GB /Cosmos Gray/1.86Kg), B13UCX-1807IN  ","54,990",https://amazon.in//sspa/click?ie=UTF8&spc=MTo4ODA4NzY0MzYxNTAxOTgwOjE3Mjg4Mzk3MDI6c3BfYXRmX25leHQ6MzAwMzQxOTY5ODgyNTMyOjowOjo&url=%2FMSI-i5-13420H-Windows-GeForce-B13UCX-1807IN%2Fdp%2FB0CV9H7TN6%2Fref%3Dsr_1_34_sspa%3Fdib%3DeyJ2IjoiMSJ9.0Az1eXhPRXBUyzfoDwz2gGT-PoQukerfSKxn7R4o1VWD6QUwj3fj72vI5OLMs3X2M59Hw7JjmuLkJhAy00SfKBTsyVsFIko5B90X6JtHX402qQ6-5XhGrnKtl0iOVHESu5fu3oxHAiHA4PfMK2P35uQ_aA-hznjl7vviL5S88Y7Fr0abT71B31Qq3hgUzoEKdCV9XIN-N7rP4lbXRR5YLHMBwCqlHrzSoD7tigS6b9s.iGhTySt_LWQN2qx1d7iW0ycs5ggikNDRBfgmU91uMV4%26dib_tag%3Dse%26keywords%3Dlaptops%26qid%3D1728839702%26sr%3D8-34-spons%26sp_csd%3Dd2lkZ2V0TmFtZT1zcF9hdGZfbmV4dA%26psc%3D1
53,"ASUS Vivobook 15 Thin and Light Laptop,Intel Core i5-12500H 12th Gen, 15.6"" (39.62 cm) FHD, (16GB RAM/512GB/Win11/Office 2021/Blue/1.7 kg), X1502ZA-EJ541WS  ","48,990",https://amazon.in//ASUS-Vivobook-i5-12500H-Laptop-X1502ZA-EJ541WS/dp/B0C7H6SSC8/ref=sr_1_35?dib=eyJ2IjoiMSJ9.0Az1eXhPRXBUyzfoDwz2gGT-PoQukerfSKxn7R4o1VWD6QUwj3fj72vI5OLMs3X2M59Hw7JjmuLkJhAy00SfKBTsyVsFIko5B90X6JtHX402qQ6-5XhGrnKtl0iOVHESu5fu3oxHAiHA4PfMK2P35uQ_aA-hznjl7vviL5S88Y7Fr0abT71B31Qq3hgUzoEKdCV9XIN-N7rP4lbXRR5YLHMBwCqlHrzSoD7tigS6b9s.iGhTySt_LWQN2qx1d7iW0ycs5ggikNDRBfgmU91uMV4&dib_tag=se&keywords=laptops&qid=1728839702&sr=8-35
54,"Acer [Smartchoice] Aspire Lite AMD Ryzen 3 5300U Premium Thin and Light Laptop (Windows 11 Home/8 GB RAM/512 GB SSD) AL15-41 with 39.62 cm (15.6"") Full HD Display, Metal Body, Steel Gray, 1.6 KG  ","24,990",https://amazon.in//Acer-Smartchoice-Premium-Windows-AL15-41/dp/B0CWTSF1TK/ref=sr_1_36?dib=eyJ2IjoiMSJ9.0Az1eXhPRXBUyzfoDwz2gGT-PoQukerfSKxn7R4o1VWD6QUwj3fj72vI5OLMs3X2M59Hw7JjmuLkJhAy00SfKBTsyVsFIko5B90X6JtHX402qQ6-5XhGrnKtl0iOVHESu5fu3oxHAiHA4PfMK2P35uQ_aA-hznjl7vviL5S88Y7Fr0abT71B31Qq3hgUzoEKdCV9XIN-N7rP4lbXRR5YLHMBwCqlHrzSoD7tigS6b9s.iGhTySt_LWQN2qx1d7iW0ycs5ggikNDRBfgmU91uMV4&dib_tag=se&keywords=laptops&qid=1728839702&sr=8-36
55,"ASUS Vivobook 16, IntelCore i3-1215U 12th Gen, Thin and Light Laptop, 16-inch (40.64 cm) FHD+, (8 GB RAM/512GB SSD/Windows 11/Fingerprint/Black/1.88kg), X1605ZAB-MB322WS  ","32,990",https://amazon.in//ASUS-Vivobook-Intel%C2%AECoreTM-FingerPrint-X1605ZAB-MB322WS/dp/B0CFVYSZFG/ref=sr_1_37?dib=eyJ2IjoiMSJ9.0Az1eXhPRXBUyzfoDwz2gGT-PoQukerfSKxn7R4o1VWD6QUwj3fj72vI5OLMs3X2M59Hw7JjmuLkJhAy00SfKBTsyVsFIko5B90X6JtHX402qQ6-5XhGrnKtl0iOVHESu5fu3oxHAiHA4PfMK2P35uQ_aA-hznjl7vviL5S88Y7Fr0abT71B31Qq3hgUzoEKdCV9XIN-N7rP4lbXRR5YLHMBwCqlHrzSoD7tigS6b9s.iGhTySt_LWQN2qx1d7iW0ycs5ggikNDRBfgmU91uMV4&dib_tag=se&keywords=laptops&qid=1728839702&sr=8-37
56,"Lenovo IdeaPad 3 12th Gen Intel Core i3-1215U 14 Inch (35.5cm) FHD Thin & Light Laptop (8GB/512GB SSD/Win 11/Office 2021/Backlit KB/1Yr ADP Free/3months Game Pass/Arctic Grey/1.43Kg), 82RJ00FKIN  ","33,990",https://amazon.in//sspa/click?ie=UTF8&spc=MTo1OTA1NzI5NDQ4NDc4NTMxOjE3Mjg4Mzk2OTI6c3Bfc2VhcmNoX3RoZW1hdGljOjMwMDI4NjIyMTcwNjUzMjo6MDo6&url=%2FLenovo-IdeaPad-i3-1215U-Backlit-82RJ00FKIN%2Fdp%2FB0DB1WCBBS%2Fref%3Dsxin_15_pa_sp_search_thematic_sspa%3Fcontent-id%3Damzn1.sym.cd33fa60-47cd-49f3-80b8-24b1f0cbef97%253Aamzn1.sym.cd33fa60-47cd-49f3-80b8-24b1f0cbef97%26cv_ct_cx%3Dlaptops%26dib%3DeyJ2IjoiMSJ9.bV0OaW_UXK9vTqq6IBygoyBjbxmBh84DBSGkxrfIeujqdoSafrNHViwk1ZLRakI1OQf7SMJZkOSr2RPLCTuVgg.Qe0ODHeKjYjvwh2k4dmoTmjJDGLEhuit90jqawVvKbk%26dib_tag%3Dse%26keywords%3Dlaptops%26pd_rd_i%3DB0DB1WCBBS%26pd_rd_r%3D6c20d7e0-6b40-4039-bc95-ab8a43e38dda%26pd_rd_w%3D3PVTQ%26pd_rd_wg%3DhQgVo%26pf_rd_p%3Dcd33fa60-47cd-49f3-80b8-24b1f0cbef97%26pf_rd_r%3D3TRYRECWR7RJ2YMWND7K%26qid%3D1728839692%26sbo%3DRZvfv%252F%252FHxDF%252BO5021pAnSA%253D%253D%26sr%3D1-1-ced4eeeb-b190-41d6-902a-1ecb3fb8b7c4-spons%26sp_csd%3Dd2lkZ2V0TmFtZT1zcF9zZWFyY2hfdGhlbWF0aWM%26psc%3D1
57,"Lenovo IdeaPad Slim 3 Intel Core i3 12th Gen 15.6"" (39.62cm) FHD Thin & Light Laptop (8GB/512GB SSD/Intel UHD Graphics/Windows 11/MSO 21/1Yr ADP Free/3months Game Pass/Arctic Grey/1.63Kg), 82RK00VTIN  ","34,990",https://amazon.in//sspa/click?ie=UTF8&spc=MTo1MjI0NjA3MDgyODg5OTU2OjE3Mjg4Mzk3MDI6c3Bfc2VhcmNoX3RoZW1hdGljOjMwMDExOTExMzQzNjMzMjo6MDo6&url=%2FLenovo-IdeaPad-39-62cm-Warranty-82RK006DIN%2Fdp%2FB0B4JPC8GT%2Fref%3Dsxin_15_pa_sp_search_thematic_sspa%3Fcontent-id%3Damzn1.sym.59126330-c308-4c36-a5a0-21cac002681f%253Aamzn1.sym.59126330-c308-4c36-a5a0-21cac002681f%26cv_ct_cx%3Dlaptops%26dib%3DeyJ2IjoiMSJ9.f_MBcTSaBIDiNdiW9NLowsdgJpJ2X88NVI5OvAvwCs_RRSzdmssqD3dX8AQHb8zJRU1NbjspC-iGwRlFw8haig.MY8LtL36ORROo3yvL8fSsgy4-epYKwl3MZZ3ULFmVtA%26dib_tag%3Dse%26keywords%3Dlaptops%26pd_rd_i%3DB0B4JPC8GT%26pd_rd_r%3Db373ee78-38e4-4d16-9176-9cd8c0725067%26pd_rd_w%3D4Gvc5%26pd_rd_wg%3DwtfB7%26pf_rd_p%3D59126330-c308-4c36-a5a0-21cac002681f%26pf_rd_r%3D2XARV50G9GYHEZSZ7YBH%26qid%3D1728839702%26sbo%3DRZvfv%252F%252FHxDF%252BO5021pAnSA%253D%253D%26sr%3D1-33-2ec22325-1003-449d-8aaf-c0bcc24717ae-spons%26sp_csd%3Dd2lkZ2V0TmFtZT1zcF9zZWFyY2hfdGhlbWF0aWM%26psc%3D1
58,"ASUS Vivobook 16 (2023)Thin & Light Laptop,Intel Core i9-13900H 13th Gen, 16"" (40.64 cm) FHD+(16GB RAM/512GB SSD/Intel Iris Xe/Win 11/Office 2021/Backlit KB/Fingerprint/Black/1.88 kg) X1605VA-MB947WS  ","81,990",https://amazon.in//sspa/click?ie=UTF8&spc=MTo1MjI0NjA3MDgyODg5OTU2OjE3Mjg4Mzk3MDI6c3Bfc2VhcmNoX3RoZW1hdGljOjMwMDE2Njk0MTUwNTgzMjo6MTo6&url=%2FASUS-Vivobook-i9-13900H-Fingerprint-X1605VA-MB947WS%2Fdp%2FB0CHMZRC89%2Fref%3Dsxin_15_pa_sp_search_thematic_sspa%3Fcontent-id%3Damzn1.sym.59126330-c308-4c36-a5a0-21cac002681f%253Aamzn1.sym.59126330-c308-4c36-a5a0-21cac002681f%26cv_ct_cx%3Dlaptops%26dib%3DeyJ2IjoiMSJ9.f_MBcTSaBIDiNdiW9NLowsdgJpJ2X88NVI5OvAvwCs_RRSzdmssqD3dX8AQHb8zJRU1NbjspC-iGwRlFw8haig.MY8LtL36ORROo3yvL8fSsgy4-epYKwl3MZZ3ULFmVtA%26dib_tag%3Dse%26keywords%3Dlaptops%26pd_rd_i%3DB0CHMZRC89%26pd_rd_r%3Db373ee78-38e4-4d16-9176-9cd8c0725067%26pd_rd_w%3D4Gvc5%26pd_rd_wg%3DwtfB7%26pf_rd_p%3D59126330-c308-4c36-a5a0-21cac002681f%26pf_rd_r%3D2XARV50G9GYHEZSZ7YBH%26qid%3D1728839702%26sbo%3DRZvfv%252F%252FHxDF%252BO5021pAnSA%253D%253D%26sr%3D1-34-2ec22325-1003-449d-8aaf-c0bcc24717ae-spons%26sp_csd%3Dd2lkZ2V0TmFtZT1zcF9zZWFyY2hfdGhlbWF0aWM%26psc%3D1
59,"HP 15s Core i3 12th Gen (8GB RAM/512GB SSD/FHD/MS Office 21/Windows 11/15.6"" (39.6cm)/Silver/1.69 kg) fy5011TU Laptop  ","35,990",https://amazon.in//sspa/click?ie=UTF8&spc=MTo1MjI0NjA3MDgyODg5OTU2OjE3Mjg4Mzk3MDI6c3Bfc2VhcmNoX3RoZW1hdGljOjMwMDI4Mjc1NjE0OTkzMjo6Mjo6&url=%2FHP-Office-Windows-39-6cm-fy5011TU%2Fdp%2FB0D4LZMJ5Z%2Fref%3Dsxin_15_pa_sp_search_thematic_sspa%3Fcontent-id%3Damzn1.sym.59126330-c308-4c36-a5a0-21cac002681f%253Aamzn1.sym.59126330-c308-4c36-a5a0-21cac002681f%26cv_ct_cx%3Dlaptops%26dib%3DeyJ2IjoiMSJ9.f_MBcTSaBIDiNdiW9NLowsdgJpJ2X88NVI5OvAvwCs_RRSzdmssqD3dX8AQHb8zJRU1NbjspC-iGwRlFw8haig.MY8LtL36ORROo3yvL8fSsgy4-epYKwl3MZZ3ULFmVtA%26dib_tag%3Dse%26keywords%3Dlaptops%26pd_rd_i%3DB0D4LZMJ5Z%26pd_rd_r%3Db373ee78-38e4-4d16-9176-9cd8c0725067%26pd_rd_w%3D4Gvc5%26pd_rd_wg%3DwtfB7%26pf_rd_p%3D59126330-c308-4c36-a5a0-21cac002681f%26pf_rd_r%3D2XARV50G9GYHEZSZ7YBH%26qid%3D1728839702%26sbo%3DRZvfv%252F%252FHxDF%252BO5021pAnSA%253D%253D%26sr%3D1-35-2ec22325-1003-449d-8aaf-c0bcc24717ae-spons%26sp_csd%3Dd2lkZ2V0TmFtZT1zcF9zZWFyY2hfdGhlbWF0aWM%26psc%3D1
60,"HP Laptop 15s, 12th Gen Intel Core i3, 15.6-inch (39.6 cm), 8GB DDR4, 512GB SSD, Thin & Light, Dual Speakers (Win 11, MSO 2021, Silver, 1.69 kg), fq5007TU / FQ5327TU  ","36,990",https://amazon.in//sspa/click?ie=UTF8&spc=MTo1MjI0NjA3MDgyODg5OTU2OjE3Mjg4Mzk3MDI6c3Bfc2VhcmNoX3RoZW1hdGljOjMwMDE2NzAzNDc1MDAzMjo6Mzo6&url=%2FHP-i3-1215U-15-6-inch-Graphics-Speakers%2Fdp%2FB0BP2M7CCS%2Fref%3Dsxin_15_pa_sp_search_thematic_sspa%3Fcontent-id%3Damzn1.sym.59126330-c308-4c36-a5a0-21cac002681f%253Aamzn1.sym.59126330-c308-4c36-a5a0-21cac002681f%26cv_ct_cx%3Dlaptops%26dib%3DeyJ2IjoiMSJ9.f_MBcTSaBIDiNdiW9NLowsdgJpJ2X88NVI5OvAvwCs_RRSzdmssqD3dX8AQHb8zJRU1NbjspC-iGwRlFw8haig.MY8LtL36ORROo3yvL8fSsgy4-epYKwl3MZZ3ULFmVtA%26dib_tag%3Dse%26keywords%3Dlaptops%26pd_rd_i%3DB0BP2M7CCS%26pd_rd_r%3Db373ee78-38e4-4d16-9176-9cd8c0725067%26pd_rd_w%3D4Gvc5%26pd_rd_wg%3DwtfB7%26pf_rd_p%3D59126330-c308-4c36-a5a0-21cac002681f%26pf_rd_r%3D2XARV50G9GYHEZSZ7YBH%26qid%3D1728839702%26sbo%3DRZvfv%252F%252FHxDF%252BO5021pAnSA%253D%253D%26sr%3D1-36-2ec22325-1003-449d-8aaf-c0bcc24717ae-spons%26sp_csd%3Dd2lkZ2V0TmFtZT1zcF9zZWFyY2hfdGhlbWF0aWM%26psc%3D1
61,"Dell G15-5530 Gaming Laptop, Intel Core i5-13450HX Processor, 16GB DDR5, 512GB,NVIDIA RTX 3050,6GB GDDR6, 15.6"" (39.62cm) FHD 120Hz 250 nits, Backlit KB Orange,Windows 11 + MSO'21,Dark Shadow, 2.65kg  ","74,990",https://amazon.in//sspa/click?ie=UTF8&spc=MTo1MjI0NjA3MDgyODg5OTU2OjE3Mjg4Mzk3MDI6c3Bfc2VhcmNoX3RoZW1hdGljOjMwMDIwMDYzMDQyNDczMjo6NDo6&url=%2FDell-G15-5530-Gaming-i5-13450HX-Processor%2Fdp%2FB0CRKX3JRT%2Fref%3Dsxin_15_pa_sp_search_thematic_sspa%3Fcontent-id%3Damzn1.sym.59126330-c308-4c36-a5a0-21cac002681f%253Aamzn1.sym.59126330-c308-4c36-a5a0-21cac002681f%26cv_ct_cx%3Dlaptops%26dib%3DeyJ2IjoiMSJ9.f_MBcTSaBIDiNdiW9NLowsdgJpJ2X88NVI5OvAvwCs_RRSzdmssqD3dX8AQHb8zJRU1NbjspC-iGwRlFw8haig.MY8LtL36ORROo3yvL8fSsgy4-epYKwl3MZZ3ULFmVtA%26dib_tag%3Dse%26keywords%3Dlaptops%26pd_rd_i%3DB0CRKX3JRT%26pd_rd_r%3Db373ee78-38e4-4d16-9176-9cd8c0725067%26pd_rd_w%3D4Gvc5%26pd_rd_wg%3DwtfB7%26pf_rd_p%3D59126330-c308-4c36-a5a0-21cac002681f%26pf_rd_r%3D2XARV50G9GYHEZSZ7YBH%26qid%3D1728839702%26sbo%3DRZvfv%252F%252FHxDF%252BO5021pAnSA%253D%253D%26sr%3D1-37-2ec22325-1003-449d-8aaf-c0bcc24717ae-spons%26sp_csd%3Dd2lkZ2V0TmFtZT1zcF9zZWFyY2hfdGhlbWF0aWM%26psc%3D1
62,"HP Victus Gaming Laptop,Windows 11 Home,AMD Ryzen 5 5600H,4Gb RTX 3050 Gpu,15.6-Inch (39.6 Cm),Fhd,IPS,144Hz,16Gb Ddr4,512Gb Ssd,Backlit Kb,B&O,9Ms Response Time,Dual Speakers (Blue,2.37 Kg),Fb0106Ax  ","60,990",https://amazon.in//HP-GeForce-Graphics-Response-15-fb0106AX/dp/B0BWS9YNCX/ref=sr_1_39?dib=eyJ2IjoiMSJ9.0Az1eXhPRXBUyzfoDwz2gGT-PoQukerfSKxn7R4o1VWD6QUwj3fj72vI5OLMs3X2M59Hw7JjmuLkJhAy00SfKBTsyVsFIko5B90X6JtHX402qQ6-5XhGrnKtl0iOVHESu5fu3oxHAiHA4PfMK2P35uQ_aA-hznjl7vviL5S88Y7Fr0abT71B31Qq3hgUzoEKdCV9XIN-N7rP4lbXRR5YLHMBwCqlHrzSoD7tigS6b9s.iGhTySt_LWQN2qx1d7iW0ycs5ggikNDRBfgmU91uMV4&dib_tag=se&keywords=laptops&qid=1728839702&sr=8-39
63,"ASUS Vivobook 15, 15.6"" (39.62cm) FHD, Intel Core i7-12700H 12th Gen, Thin and Light Laptop (16GB/512GB SSD/Intel Iris Xáµ‰ Graphics/Windows 11/Office 2021/Quiet Blue/1.7 Kg), X1502ZA-EJ744WS  ","56,990",https://amazon.in//ASUS-Vivobook-i7-12700H-Graphics-X1502ZA-EJ744WS/dp/B0D3LQRHWC/ref=sr_1_41?dib=eyJ2IjoiMSJ9.0Az1eXhPRXBUyzfoDwz2gGT-PoQukerfSKxn7R4o1VWD6QUwj3fj72vI5OLMs3X2M59Hw7JjmuLkJhAy00SfKBTsyVsFIko5B90X6JtHX402qQ6-5XhGrnKtl0iOVHESu5fu3oxHAiHA4PfMK2P35uQ_aA-hznjl7vviL5S88Y7Fr0abT71B31Qq3hgUzoEKdCV9XIN-N7rP4lbXRR5YLHMBwCqlHrzSoD7tigS6b9s.iGhTySt_LWQN2qx1d7iW0ycs5ggikNDRBfgmU91uMV4&dib_tag=se&keywords=laptops&qid=1728839702&sr=8-41
64,HP 15 Core i3 13th Gen (8GB RAM/512GB SSD/FHD/MS Office 21/Backlit Keyboard/15.6-inch (39.6 cm)/ Windows 11/Silver/1.59 kg) fd0186TU Laptop  ,"39,990",https://amazon.in//HP-Backlit-Keyboard-15-6-inch-fd0186TU/dp/B0D2KDCWJL/ref=sr_1_42?dib=eyJ2IjoiMSJ9.0Az1eXhPRXBUyzfoDwz2gGT-PoQukerfSKxn7R4o1VWD6QUwj3fj72vI5OLMs3X2M59Hw7JjmuLkJhAy00SfKBTsyVsFIko5B90X6JtHX402qQ6-5XhGrnKtl0iOVHESu5fu3oxHAiHA4PfMK2P35uQ_aA-hznjl7vviL5S88Y7Fr0abT71B31Qq3hgUzoEKdCV9XIN-N7rP4lbXRR5YLHMBwCqlHrzSoD7tigS6b9s.iGhTySt_LWQN2qx1d7iW0ycs5ggikNDRBfgmU91uMV4&dib_tag=se&keywords=laptops&qid=1728839702&sr=8-42
65,"Lenovo IdeaPad Slim 1 AMD Ryzen 5 5500U 15.6"" HD Thin and Light Laptop (16GB/512GB SSD/Integrated AMD Graphics/Windows 11 Home/MSO 21/1Yr ADP Free/Cloud Grey/1.61Kg), 82R400ERIN  ","36,990",https://amazon.in//sspa/click?ie=UTF8&spc=MTo1OTA1NzI5NDQ4NDc4NTMxOjE3Mjg4Mzk2OTI6c3Bfc2VhcmNoX3RoZW1hdGljOjMwMDEwNzY0ODY4NjAzMjo6MTo6&url=%2FLenovo-IdeaPad-Laptop-Windows-82R400ERIN%2Fdp%2FB0CP2KRYLM%2Fref%3Dsxin_15_pa_sp_search_thematic_sspa%3Fcontent-id%3Damzn1.sym.cd33fa60-47cd-49f3-80b8-24b1f0cbef97%253Aamzn1.sym.cd33fa60-47cd-49f3-80b8-24b1f0cbef97%26cv_ct_cx%3Dlaptops%26dib%3DeyJ2IjoiMSJ9.bV0OaW_UXK9vTqq6IBygoyBjbxmBh84DBSGkxrfIeujqdoSafrNHViwk1ZLRakI1OQf7SMJZkOSr2RPLCTuVgg.Qe0ODHeKjYjvwh2k4dmoTmjJDGLEhuit90jqawVvKbk%26dib_tag%3Dse%26keywords%3Dlaptops%26pd_rd_i%3DB0CP2KRYLM%26pd_rd_r%3D6c20d7e0-6b40-4039-bc95-ab8a43e38dda%26pd_rd_w%3D3PVTQ%26pd_rd_wg%3DhQgVo%26pf_rd_p%3Dcd33fa60-47cd-49f3-80b8-24b1f0cbef97%26pf_rd_r%3D3TRYRECWR7RJ2YMWND7K%26qid%3D1728839692%26sbo%3DRZvfv%252F%252FHxDF%252BO5021pAnSA%253D%253D%26sr%3D1-2-ced4eeeb-b190-41d6-902a-1ecb3fb8b7c4-spons%26sp_csd%3Dd2lkZ2V0TmFtZT1zcF9zZWFyY2hfdGhlbWF0aWM%26psc%3D1
66,"MSI Katana 17, Intel 13th Gen. i7-13620H, 44CM FHD 144Hz Gaming Laptop (16GB/512GB NVMe SSD/Windows 11 Home/Nvidia GeForce RTX3050, 6GB GDDR6/Black/2.6Kg), B13UDXK-255IN  ","74,990",https://amazon.in//sspa/click?ie=UTF8&spc=MTo4ODA4NzY0MzYxNTAxOTgwOjE3Mjg4Mzk3MDI6c3BfbXRmOjMwMDM0MTk2OTg4MDMzMjo6MDo6&url=%2FMSI-i7-13620H-Windows-GeForce-B13UDXK-255IN%2Fdp%2FB0BTW1RCWZ%2Fref%3Dsr_1_43_sspa%3Fdib%3DeyJ2IjoiMSJ9.0Az1eXhPRXBUyzfoDwz2gGT-PoQukerfSKxn7R4o1VWD6QUwj3fj72vI5OLMs3X2M59Hw7JjmuLkJhAy00SfKBTsyVsFIko5B90X6JtHX402qQ6-5XhGrnKtl0iOVHESu5fu3oxHAiHA4PfMK2P35uQ_aA-hznjl7vviL5S88Y7Fr0abT71B31Qq3hgUzoEKdCV9XIN-N7rP4lbXRR5YLHMBwCqlHrzSoD7tigS6b9s.iGhTySt_LWQN2qx1d7iW0ycs5ggikNDRBfgmU91uMV4%26dib_tag%3Dse%26keywords%3Dlaptops%26qid%3D1728839702%26sr%3D8-43-spons%26sp_csd%3Dd2lkZ2V0TmFtZT1zcF9tdGY%26psc%3D1
67,"Lenovo LOQ 2024 13th Gen Intel Core i7-13650HX 15.6"" (39.6cm) 144Hz 300Nits FHD Gaming Laptop (24GB/512GB SSD/Win 11/NVIDIA RTX 4060 8GB/MSO 21/1Yr ADP Free/3mon Game Pass/Grey/2.4Kg), 83DV00LXIN  ","1,01,990",https://amazon.in//sspa/click?ie=UTF8&spc=MTo4ODA4NzY0MzYxNTAxOTgwOjE3Mjg4Mzk3MDI6c3BfbXRmOjMwMDIwNjU1Nzg5NjQzMjo6MDo6&url=%2FLenovo-i7-13650HX-39-6cm-300Nits-83DV00LXIN%2Fdp%2FB0D3TGNY9G%2Fref%3Dsr_1_44_sspa%3Fdib%3DeyJ2IjoiMSJ9.0Az1eXhPRXBUyzfoDwz2gGT-PoQukerfSKxn7R4o1VWD6QUwj3fj72vI5OLMs3X2M59Hw7JjmuLkJhAy00SfKBTsyVsFIko5B90X6JtHX402qQ6-5XhGrnKtl0iOVHESu5fu3oxHAiHA4PfMK2P35uQ_aA-hznjl7vviL5S88Y7Fr0abT71B31Qq3hgUzoEKdCV9XIN-N7rP4lbXRR5YLHMBwCqlHrzSoD7tigS6b9s.iGhTySt_LWQN2qx1d7iW0ycs5ggikNDRBfgmU91uMV4%26dib_tag%3Dse%26keywords%3Dlaptops%26qid%3D1728839702%26sr%3D8-44-spons%26sp_csd%3Dd2lkZ2V0TmFtZT1zcF9tdGY%26psc%3D1
68,"JioBook 11 with Lifetime Office | Android 4G Laptop Mediatek 8788 (JioOS) | Octa-core | 4GB RAM | 64 eMMC Storage | Thin and Light Laptop (11.6 inch, 990 Grams) | Dual Band WiFi + SIM | Blue  ","12,890",https://amazon.in//JioBook-Octa-Core-LPDDR4-JioOS-Expandable/dp/B0CKX9PY1H/ref=sr_1_45?dib=eyJ2IjoiMSJ9.0Az1eXhPRXBUyzfoDwz2gGT-PoQukerfSKxn7R4o1VWD6QUwj3fj72vI5OLMs3X2M59Hw7JjmuLkJhAy00SfKBTsyVsFIko5B90X6JtHX402qQ6-5XhGrnKtl0iOVHESu5fu3oxHAiHA4PfMK2P35uQ_aA-hznjl7vviL5S88Y7Fr0abT71B31Qq3hgUzoEKdCV9XIN-N7rP4lbXRR5YLHMBwCqlHrzSoD7tigS6b9s.iGhTySt_LWQN2qx1d7iW0ycs5ggikNDRBfgmU91uMV4&dib_tag=se&keywords=laptops&qid=1728839702&sr=8-45
69,"ASUS TUF Gaming A15, 15.6"" (39.62cm) FHD 16:9 144Hz, AMD Ryzen 7 7435HS, Gaming Laptop (16 DDR5/512GB SSD/NVIDIA GeForce RTX 2050/Windows 11 Home/Graphite Black/2.30 Kg), FA506NFR-HN045W  ","51,990",https://amazon.in//ASUS-Gaming-15-6-39-62cm-FA506NFR-HN045W/dp/B0CDQ5CW9V/ref=sr_1_46?dib=eyJ2IjoiMSJ9.0Az1eXhPRXBUyzfoDwz2gGT-PoQukerfSKxn7R4o1VWD6QUwj3fj72vI5OLMs3X2M59Hw7JjmuLkJhAy00SfKBTsyVsFIko5B90X6JtHX402qQ6-5XhGrnKtl0iOVHESu5fu3oxHAiHA4PfMK2P35uQ_aA-hznjl7vviL5S88Y7Fr0abT71B31Qq3hgUzoEKdCV9XIN-N7rP4lbXRR5YLHMBwCqlHrzSoD7tigS6b9s.iGhTySt_LWQN2qx1d7iW0ycs5ggikNDRBfgmU91uMV4&dib_tag=se&keywords=laptops&qid=1728839702&sr=8-46
70,"Acer Aspire 3 Intel Core i5-1235U Processor Laptop with 35.56 cm (14"") FHD LED-Backlit IPS Display (16GB RAM/512GB SSD/WiFi 6/Intel Graphics/Win11Home) A324-51, Backlit Keyboard, Steel Gray, 1.45KG  ","37,990",https://amazon.in//Acer-Processor-LED-Backlit-Win11Home-A324-51/dp/B0D9QLPY8B/ref=sr_1_47?dib=eyJ2IjoiMSJ9.0Az1eXhPRXBUyzfoDwz2gGT-PoQukerfSKxn7R4o1VWD6QUwj3fj72vI5OLMs3X2M59Hw7JjmuLkJhAy00SfKBTsyVsFIko5B90X6JtHX402qQ6-5XhGrnKtl0iOVHESu5fu3oxHAiHA4PfMK2P35uQ_aA-hznjl7vviL5S88Y7Fr0abT71B31Qq3hgUzoEKdCV9XIN-N7rP4lbXRR5YLHMBwCqlHrzSoD7tigS6b9s.iGhTySt_LWQN2qx1d7iW0ycs5ggikNDRBfgmU91uMV4&dib_tag=se&keywords=laptops&qid=1728839702&sr=8-47
71,"Dell Inspiron 3530 Laptop, 13th Gen Intel Core i5-1334U Processor, 16GB, 512GB SSD, 15.6""(39.62cm) FHD 120Hz 250 nits, Backlit KB, Windows 11 + Mso'21 & 15 Month McAfee, Silver, Thin & Light- 1.62kg  ","55,990",https://amazon.in//Dell-Inspiron-i5-1334U-Processor-39-62cm/dp/B0D2Y1BLDT/ref=sr_1_48?dib=eyJ2IjoiMSJ9.0Az1eXhPRXBUyzfoDwz2gGT-PoQukerfSKxn7R4o1VWD6QUwj3fj72vI5OLMs3X2M59Hw7JjmuLkJhAy00SfKBTsyVsFIko5B90X6JtHX402qQ6-5XhGrnKtl0iOVHESu5fu3oxHAiHA4PfMK2P35uQ_aA-hznjl7vviL5S88Y7Fr0abT71B31Qq3hgUzoEKdCV9XIN-N7rP4lbXRR5YLHMBwCqlHrzSoD7tigS6b9s.iGhTySt_LWQN2qx1d7iW0ycs5ggikNDRBfgmU91uMV4&dib_tag=se&keywords=laptops&qid=1728839702&sr=8-48
72,"Dell {Smartchoice} G15-5530 Core i5-13450HX| NVIDIA RTX 3050, 6GB (16GB RAM|1TB SSD, FHD|Window 11|MS Office' 21|15.6"" (39.62cm)|Dark Shadow Grey|2.65Kg|Gaming Laptop  ","72,990",https://amazon.in//Dell-Smartchoice-G15-5530-Gaming-i5-13450HX/dp/B0CRKXDX83/ref=sr_1_49?dib=eyJ2IjoiMSJ9.0Az1eXhPRXBUyzfoDwz2gGT-PoQukerfSKxn7R4o1VWD6QUwj3fj72vI5OLMs3X2M59Hw7JjmuLkJhAy00SfKBTsyVsFIko5B90X6JtHX402qQ6-5XhGrnKtl0iOVHESu5fu3oxHAiHA4PfMK2P35uQ_aA-hznjl7vviL5S88Y7Fr0abT71B31Qq3hgUzoEKdCV9XIN-N7rP4lbXRR5YLHMBwCqlHrzSoD7tigS6b9s.iGhTySt_LWQN2qx1d7iW0ycs5ggikNDRBfgmU91uMV4&dib_tag=se&keywords=laptops&qid=1728839702&sr=8-49
73,"(Refurbished) Lenovo V310 7th Gen Intel Core i3 Thin & Light HD Laptop (8 GB DDR4 RAM|256 GB SSD|14"" (35.6 cm) HD|Windows 11|MS Office|WiFi|BT|Webcam|Intel HD Graphics)  ","13,499",https://amazon.in//Refurbished-Lenovo-Laptop-Windows-Graphics/dp/B0DHKMPPC8/ref=sr_1_50?dib=eyJ2IjoiMSJ9.0Az1eXhPRXBUyzfoDwz2gGT-PoQukerfSKxn7R4o1VWD6QUwj3fj72vI5OLMs3X2M59Hw7JjmuLkJhAy00SfKBTsyVsFIko5B90X6JtHX402qQ6-5XhGrnKtl0iOVHESu5fu3oxHAiHA4PfMK2P35uQ_aA-hznjl7vviL5S88Y7Fr0abT71B31Qq3hgUzoEKdCV9XIN-N7rP4lbXRR5YLHMBwCqlHrzSoD7tigS6b9s.iGhTySt_LWQN2qx1d7iW0ycs5ggikNDRBfgmU91uMV4&dib_tag=se&keywords=laptops&qid=1728839702&sr=8-50
74,"ASUS Vivobook Go 15 (2023), AMD Ryzen 5 7520U, 15.6"" (39.62 cm) FHD, Thin and Light Laptop (16GB/512GB SSD/Integrated Graphics/Windows 11/Office 2021/Silver/1.8 Kg), E1504FA-NJ541WS  ","38,490",https://amazon.in//ASUS-Vivobook-Integrated-Graphics-E1504FA-NJ541WS/dp/B0BQSH511C/ref=sr_1_51?dib=eyJ2IjoiMSJ9.0Az1eXhPRXBUyzfoDwz2gGT-PoQukerfSKxn7R4o1VWD6QUwj3fj72vI5OLMs3X2M59Hw7JjmuLkJhAy00SfKBTsyVsFIko5B90X6JtHX402qQ6-5XhGrnKtl0iOVHESu5fu3oxHAiHA4PfMK2P35uQ_aA-hznjl7vviL5S88Y7Fr0abT71B31Qq3hgUzoEKdCV9XIN-N7rP4lbXRR5YLHMBwCqlHrzSoD7tigS6b9s.iGhTySt_LWQN2qx1d7iW0ycs5ggikNDRBfgmU91uMV4&dib_tag=se&keywords=laptops&qid=1728839702&sr=8-51
75,"Dell Inspiron 3535, AMD Ryzen 3 7320U Processor, (8GB RAM/512GB SSD/Window 11/MS Office' 21/15.6""(39.62 cm) FHD Display/15 Month McAfee/Carbon Black/1.67kg Thin & Light Laptop  ","29,990",https://amazon.in//Dell-Inspiron-Processor-Window-Display/dp/B0DG5CY2Y2/ref=sr_1_52?dib=eyJ2IjoiMSJ9.0Az1eXhPRXBUyzfoDwz2gGT-PoQukerfSKxn7R4o1VWD6QUwj3fj72vI5OLMs3X2M59Hw7JjmuLkJhAy00SfKBTsyVsFIko5B90X6JtHX402qQ6-5XhGrnKtl0iOVHESu5fu3oxHAiHA4PfMK2P35uQ_aA-hznjl7vviL5S88Y7Fr0abT71B31Qq3hgUzoEKdCV9XIN-N7rP4lbXRR5YLHMBwCqlHrzSoD7tigS6b9s.iGhTySt_LWQN2qx1d7iW0ycs5ggikNDRBfgmU91uMV4&dib_tag=se&keywords=laptops&qid=1728839702&sr=8-52
76,"Lenovo LOQ 2024 Intel Core i5-12450HX 15.6"" (39.6cm) 144Hz 300Nits FHD IPS Gaming Laptop (24GB/512GB SSD/Win 11/NVIDIA RTX 3050 6GB Graphics/1Yr ADP Free/MSO 21/3 Mon Game Pass/Grey/2.4Kg), 83GS0098IN  ","69,490",https://amazon.in//sspa/click?ie=UTF8&spc=MTo1OTA1NzI5NDQ4NDc4NTMxOjE3Mjg4Mzk2OTI6c3Bfc2VhcmNoX3RoZW1hdGljOjMwMDM0MTk2OTg4MDAzMjo6Mjo6&url=%2FLenovo-i5-12450HX-300Nits-Graphics-83GS0098IN%2Fdp%2FB0DB218DK7%2Fref%3Dsxin_15_pa_sp_search_thematic_sspa%3Fcontent-id%3Damzn1.sym.cd33fa60-47cd-49f3-80b8-24b1f0cbef97%253Aamzn1.sym.cd33fa60-47cd-49f3-80b8-24b1f0cbef97%26cv_ct_cx%3Dlaptops%26dib%3DeyJ2IjoiMSJ9.bV0OaW_UXK9vTqq6IBygoyBjbxmBh84DBSGkxrfIeujqdoSafrNHViwk1ZLRakI1OQf7SMJZkOSr2RPLCTuVgg.Qe0ODHeKjYjvwh2k4dmoTmjJDGLEhuit90jqawVvKbk%26dib_tag%3Dse%26keywords%3Dlaptops%26pd_rd_i%3DB0DB218DK7%26pd_rd_r%3D6c20d7e0-6b40-4039-bc95-ab8a43e38dda%26pd_rd_w%3D3PVTQ%26pd_rd_wg%3DhQgVo%26pf_rd_p%3Dcd33fa60-47cd-49f3-80b8-24b1f0cbef97%26pf_rd_r%3D3TRYRECWR7RJ2YMWND7K%26qid%3D1728839692%26sbo%3DRZvfv%252F%252FHxDF%252BO5021pAnSA%253D%253D%26sr%3D1-3-ced4eeeb-b190-41d6-902a-1ecb3fb8b7c4-spons%26sp_csd%3Dd2lkZ2V0TmFtZT1zcF9zZWFyY2hfdGhlbWF0aWM%26psc%3D1
77,"Dell Inspiron 3530 Thin & Light Laptop, 13th Gen Intel Core i3-1305U/8GB/512GB SSD/15.6"" (39.62cm) 120Hz Refresh Rate on a FHD IPS Display/Windows 11 + MSO'21+McAfee 15 Month/Carbon Black/1.62kg  ","36,990",https://amazon.in//sspa/click?ie=UTF8&spc=MTo4ODA4NzY0MzYxNTAxOTgwOjE3Mjg4Mzk3MDI6c3BfYnRmOjMwMDE2NzM0MzQ1NDYzMjo6MDo6&url=%2FDell-Inspiron-3530-i3-1305U-Comfortview%2Fdp%2FB0C4ZM63RP%2Fref%3Dsr_1_53_sspa%3Fdib%3DeyJ2IjoiMSJ9.0Az1eXhPRXBUyzfoDwz2gGT-PoQukerfSKxn7R4o1VWD6QUwj3fj72vI5OLMs3X2M59Hw7JjmuLkJhAy00SfKBTsyVsFIko5B90X6JtHX402qQ6-5XhGrnKtl0iOVHESu5fu3oxHAiHA4PfMK2P35uQ_aA-hznjl7vviL5S88Y7Fr0abT71B31Qq3hgUzoEKdCV9XIN-N7rP4lbXRR5YLHMBwCqlHrzSoD7tigS6b9s.iGhTySt_LWQN2qx1d7iW0ycs5ggikNDRBfgmU91uMV4%26dib_tag%3Dse%26keywords%3Dlaptops%26qid%3D1728839702%26sr%3D8-53-spons%26sp_csd%3Dd2lkZ2V0TmFtZT1zcF9idGY%26psc%3D1
78,"Lenovo IdeaPad 1 AMD Ryzen 5 7520U 15.6"" HD Thin and Light Laptop (8 GB/512GB SDD/Windows 11 Home/1Yr Warranty/Cloud Grey/1.58Kg), 82VG00ESIN  ","35,990",https://amazon.in//sspa/click?ie=UTF8&spc=MTo4ODA4NzY0MzYxNTAxOTgwOjE3Mjg4Mzk3MDI6c3BfYnRmOjMwMDMyMzQyNjUyMDIzMjo6MDo6&url=%2FLenovo-IdeaPad-Windows-Warranty-82VG00ESIN%2Fdp%2FB0CJVGKM7D%2Fref%3Dsr_1_54_sspa%3Fdib%3DeyJ2IjoiMSJ9.0Az1eXhPRXBUyzfoDwz2gGT-PoQukerfSKxn7R4o1VWD6QUwj3fj72vI5OLMs3X2M59Hw7JjmuLkJhAy00SfKBTsyVsFIko5B90X6JtHX402qQ6-5XhGrnKtl0iOVHESu5fu3oxHAiHA4PfMK2P35uQ_aA-hznjl7vviL5S88Y7Fr0abT71B31Qq3hgUzoEKdCV9XIN-N7rP4lbXRR5YLHMBwCqlHrzSoD7tigS6b9s.iGhTySt_LWQN2qx1d7iW0ycs5ggikNDRBfgmU91uMV4%26dib_tag%3Dse%26keywords%3Dlaptops%26qid%3D1728839702%26sr%3D8-54-spons%26sp_csd%3Dd2lkZ2V0TmFtZT1zcF9idGY%26psc%3D1
79,"Acer ALG Gaming Laptop 12th Gen Intel Core i5 Processor (16GB RAM/1TB SSD/6GB RTX3050 Graphics/144Hz/Win11Home/Wifi 6) AL15G-52, 39.62cm (15.6"") FHD Display, Premium Metal Body, Steel Gray, 1.99KG  ","59,990",https://amazon.in//sspa/click?ie=UTF8&spc=MTo1MzAxOTU3MDM5NDE2MjIwOjE3Mjg4Mzk3MDc6c3BfYXRmX25leHQ6MzAwMjgxNTAwMDg5MzMyOjowOjo&url=%2FAcer-Processor-Graphics-Win11Home-AL15G-52%2Fdp%2FB0D32QRT3L%2Fref%3Dsr_1_49_sspa%3Fdib%3DeyJ2IjoiMSJ9.wh2GrRiEOk7CQBve5YYcwT-2k1Kun0F1DC8O2UTquaUIq9K2R-Z8iYx9k7q0_YbHSaHAF7xzPfhM_keGnOxgApqTYSdvxYXT3e7ID9-x7blC6RkVb_JzmJ9PmKCv-2fS1fkGrBdyVWQKqQXrJCU20vsedOYWJ1PEJi3SbbG5zcNyJLC9thJ8o9G9xqpI5PObIN6HPKm9XQ-uCyhnl4OlwSVbfWfCYDQ2jyV39Em2szc.2jnlo6SkgV4cnGO-P7rIydDkFBAF7jOkKqQa2ALduA8%26dib_tag%3Dse%26keywords%3Dlaptops%26qid%3D1728839706%26sr%3D8-49-spons%26sp_csd%3Dd2lkZ2V0TmFtZT1zcF9hdGZfbmV4dA%26psc%3D1
80,"MSI Thin 15, Intel 12th Gen. Core i7-12650H, 40CM FHD 144Hz Gaming Laptop(16GB/1TB NVMe SSD/Windows 11 Home/NVIDIA GeForce RTX 2050,GDDR6 4GB /Cosmos Gray/1.86Kg), B12UCX-1693IN  ","65,777",https://amazon.in//sspa/click?ie=UTF8&spc=MTo1MzAxOTU3MDM5NDE2MjIwOjE3Mjg4Mzk3MDc6c3BfYXRmX25leHQ6MzAwMjUwMjY1MDM5NzMyOjowOjo&url=%2FMSI-i7-12650H-Windows-GeForce-B12UCX-1693IN%2Fdp%2FB0CV8RGCPH%2Fref%3Dsr_1_50_sspa%3Fdib%3DeyJ2IjoiMSJ9.wh2GrRiEOk7CQBve5YYcwT-2k1Kun0F1DC8O2UTquaUIq9K2R-Z8iYx9k7q0_YbHSaHAF7xzPfhM_keGnOxgApqTYSdvxYXT3e7ID9-x7blC6RkVb_JzmJ9PmKCv-2fS1fkGrBdyVWQKqQXrJCU20vsedOYWJ1PEJi3SbbG5zcNyJLC9thJ8o9G9xqpI5PObIN6HPKm9XQ-uCyhnl4OlwSVbfWfCYDQ2jyV39Em2szc.2jnlo6SkgV4cnGO-P7rIydDkFBAF7jOkKqQa2ALduA8%26dib_tag%3Dse%26keywords%3Dlaptops%26qid%3D1728839706%26sr%3D8-50-spons%26sp_csd%3Dd2lkZ2V0TmFtZT1zcF9hdGZfbmV4dA%26psc%3D1
81,"HP Laptop 15s, AMD Ryzen 7 5700U, 15.6-inch (39.6 cm), FHD, 16GB DDR4, 512GB SSD, AMD Radeon graphics, Backlit KB, Thin & light, Dual speakers (Win 11, MSO 2021, Silver, 1.69 kg), ey2001AU  ","48,990",https://amazon.in//HP-15-6-inch-Graphics-Speakers-ey2001AU/dp/B0C9DDN2JB/ref=sr_1_51?dib=eyJ2IjoiMSJ9.wh2GrRiEOk7CQBve5YYcwT-2k1Kun0F1DC8O2UTquaUIq9K2R-Z8iYx9k7q0_YbHSaHAF7xzPfhM_keGnOxgApqTYSdvxYXT3e7ID9-x7blC6RkVb_JzmJ9PmKCv-2fS1fkGrBdyVWQKqQXrJCU20vsedOYWJ1PEJi3SbbG5zcNyJLC9thJ8o9G9xqpI5PObIN6HPKm9XQ-uCyhnl4OlwSVbfWfCYDQ2jyV39Em2szc.2jnlo6SkgV4cnGO-P7rIydDkFBAF7jOkKqQa2ALduA8&dib_tag=se&keywords=laptops&qid=1728839706&sr=8-51
82,"ASUS Vivobook 16X, 16"" FHD+, 144Hz 300nits, Intel Core i5-12500H 2.5 GHz, Creator/Gaming Laptop (16GB RAM/512GB SSD/RTX 3050/win 11/Office Home/50WHr Battery/Cool Silver/1.80 kg), K3605ZC-RP587WS  ","59,990",https://amazon.in//ASUS-Vivobook-300nits-i5-12500H-K3605ZC-RP587WS/dp/B0DDQ6HFR8/ref=sr_1_52?dib=eyJ2IjoiMSJ9.wh2GrRiEOk7CQBve5YYcwT-2k1Kun0F1DC8O2UTquaUIq9K2R-Z8iYx9k7q0_YbHSaHAF7xzPfhM_keGnOxgApqTYSdvxYXT3e7ID9-x7blC6RkVb_JzmJ9PmKCv-2fS1fkGrBdyVWQKqQXrJCU20vsedOYWJ1PEJi3SbbG5zcNyJLC9thJ8o9G9xqpI5PObIN6HPKm9XQ-uCyhnl4OlwSVbfWfCYDQ2jyV39Em2szc.2jnlo6SkgV4cnGO-P7rIydDkFBAF7jOkKqQa2ALduA8&dib_tag=se&keywords=laptops&qid=1728839706&sr=8-52
83,"Acer Aspire Lite 12th Gen Intel Core i5-1235U Thin and Light Laptop (Windows 11 Home/16GB RAM/512GB SSD/Intel Iris Xe Graphics) AL15-52, 39.62cm (15.6"") Full HD Display, Metal Body, Steel Gray, 1.6 KG  ","39,990",https://amazon.in//Acer-i5-1235U-Windows-Graphics-AL15-52/dp/B0CLTW4D7T/ref=sr_1_53?dib=eyJ2IjoiMSJ9.wh2GrRiEOk7CQBve5YYcwT-2k1Kun0F1DC8O2UTquaUIq9K2R-Z8iYx9k7q0_YbHSaHAF7xzPfhM_keGnOxgApqTYSdvxYXT3e7ID9-x7blC6RkVb_JzmJ9PmKCv-2fS1fkGrBdyVWQKqQXrJCU20vsedOYWJ1PEJi3SbbG5zcNyJLC9thJ8o9G9xqpI5PObIN6HPKm9XQ-uCyhnl4OlwSVbfWfCYDQ2jyV39Em2szc.2jnlo6SkgV4cnGO-P7rIydDkFBAF7jOkKqQa2ALduA8&dib_tag=se&keywords=laptops&qid=1728839706&sr=8-53
84,"Lenovo IdeaPad 3 12th Gen Intel Core i3-1215U 14 Inch (35.5cm) FHD Thin & Light Laptop (8GB/512GB SSD/Win 11/Office 2021/1Yr ADP Free/3months Game Pass/Arctic Grey/1.43Kg), 82RJ00FUIN  ","33,990",https://amazon.in//sspa/click?ie=UTF8&spc=MTo4MzU0NDU2MTU2NzkzNzY4OjE3Mjg4Mzk3MDc6c3Bfc2VhcmNoX3RoZW1hdGljOjMwMDM0MjQ1NTI2MjIzMjo6MDo6&url=%2FLenovo-IdeaPad-i3-1215U-3months-82RJ00FUIN%2Fdp%2FB0DFH99H7X%2Fref%3Dsxin_15_pa_sp_search_thematic_sspa%3Fcontent-id%3Damzn1.sym.59126330-c308-4c36-a5a0-21cac002681f%253Aamzn1.sym.59126330-c308-4c36-a5a0-21cac002681f%26cv_ct_cx%3Dlaptops%26dib%3DeyJ2IjoiMSJ9.OcFciH9v9aaHN7SR_SVDo8KXkfyli_MvFgztYYobYCAudk21-0BQlHbsvDnggm1I45NfR7XvENOoMtz00IZT9w.XMNaaEf1cF7vQtfQgjkKtDP8oaAYp6-oxQfyTe4sKYE%26dib_tag%3Dse%26keywords%3Dlaptops%26pd_rd_i%3DB0DFH99H7X%26pd_rd_r%3D1f0a7031-7e41-413a-8236-f8dd82445ca4%26pd_rd_w%3DeYNAp%26pd_rd_wg%3DP7Pwg%26pf_rd_p%3D59126330-c308-4c36-a5a0-21cac002681f%26pf_rd_r%3DQPGVNXJAME8TGXG2BGVA%26qid%3D1728839706%26sbo%3DRZvfv%252F%252FHxDF%252BO5021pAnSA%253D%253D%26sr%3D1-49-2ec22325-1003-449d-8aaf-c0bcc24717ae-spons%26sp_csd%3Dd2lkZ2V0TmFtZT1zcF9zZWFyY2hfdGhlbWF0aWM%26psc%3D1
85,"Acer Nitro V Gaming Laptop 13th Gen Intel Core i5-13420H with RTX 4050 Graphics 6GB VRAM, 144Hz Display (16GB DDR5/1TB SSD/Windows 11 Home/Wi-Fi 6),15.6""(39.6cms) FHD ANV15-51  ","78,990",https://amazon.in//sspa/click?ie=UTF8&spc=MTo4MzU0NDU2MTU2NzkzNzY4OjE3Mjg4Mzk3MDc6c3Bfc2VhcmNoX3RoZW1hdGljOjMwMDEyMDAxMTczMjgzMjo6MTo6&url=%2FAcer-i5-13420H-Graphics-Display-ANV15-51%2Fdp%2FB0CQP4T1JV%2Fref%3Dsxin_15_pa_sp_search_thematic_sspa%3Fcontent-id%3Damzn1.sym.59126330-c308-4c36-a5a0-21cac002681f%253Aamzn1.sym.59126330-c308-4c36-a5a0-21cac002681f%26cv_ct_cx%3Dlaptops%26dib%3DeyJ2IjoiMSJ9.OcFciH9v9aaHN7SR_SVDo8KXkfyli_MvFgztYYobYCAudk21-0BQlHbsvDnggm1I45NfR7XvENOoMtz00IZT9w.XMNaaEf1cF7vQtfQgjkKtDP8oaAYp6-oxQfyTe4sKYE%26dib_tag%3Dse%26keywords%3Dlaptops%26pd_rd_i%3DB0CQP4T1JV%26pd_rd_r%3D1f0a7031-7e41-413a-8236-f8dd82445ca4%26pd_rd_w%3DeYNAp%26pd_rd_wg%3DP7Pwg%26pf_rd_p%3D59126330-c308-4c36-a5a0-21cac002681f%26pf_rd_r%3DQPGVNXJAME8TGXG2BGVA%26qid%3D1728839706%26sbo%3DRZvfv%252F%252FHxDF%252BO5021pAnSA%253D%253D%26sr%3D1-50-2ec22325-1003-449d-8aaf-c0bcc24717ae-spons%26sp_csd%3Dd2lkZ2V0TmFtZT1zcF9zZWFyY2hfdGhlbWF0aWM%26psc%3D1
86,"Dell {Smartchoice} G15-5530 Core i5-13450HX| NVIDIA RTX 3050, 6GB (16GB RAM|1TB SSD, FHD|Window 11|MS Office' 21|15.6"" (39.62cm)|Dark Shadow Grey|2.65Kg|Gaming Laptop  ","72,990",https://amazon.in//sspa/click?ie=UTF8&spc=MTo4MzU0NDU2MTU2NzkzNzY4OjE3Mjg4Mzk3MDc6c3Bfc2VhcmNoX3RoZW1hdGljOjMwMDEzMjgwMTMzNDMzMjo6Mjo6&url=%2FDell-Smartchoice-G15-5530-Gaming-i5-13450HX%2Fdp%2FB0CRKXDX83%2Fref%3Dsxin_15_pa_sp_search_thematic_sspa%3Fcontent-id%3Damzn1.sym.59126330-c308-4c36-a5a0-21cac002681f%253Aamzn1.sym.59126330-c308-4c36-a5a0-21cac002681f%26cv_ct_cx%3Dlaptops%26dib%3DeyJ2IjoiMSJ9.OcFciH9v9aaHN7SR_SVDo8KXkfyli_MvFgztYYobYCAudk21-0BQlHbsvDnggm1I45NfR7XvENOoMtz00IZT9w.XMNaaEf1cF7vQtfQgjkKtDP8oaAYp6-oxQfyTe4sKYE%26dib_tag%3Dse%26keywords%3Dlaptops%26pd_rd_i%3DB0CRKXDX83%26pd_rd_r%3D1f0a7031-7e41-413a-8236-f8dd82445ca4%26pd_rd_w%3DeYNAp%26pd_rd_wg%3DP7Pwg%26pf_rd_p%3D59126330-c308-4c36-a5a0-21cac002681f%26pf_rd_r%3DQPGVNXJAME8TGXG2BGVA%26qid%3D1728839706%26sbo%3DRZvfv%252F%252FHxDF%252BO5021pAnSA%253D%253D%26sr%3D1-51-2ec22325-1003-449d-8aaf-c0bcc24717ae-spons%26sp_csd%3Dd2lkZ2V0TmFtZT1zcF9zZWFyY2hfdGhlbWF0aWM%26psc%3D1
87,"HP Laptop 15s, AMD Ryzen 5 5500U, 15.6-inch (39.6 cm), FHD, 16GB DDR4, 512GB SSD, AMD Radeon Graphics, 720p HD Camera, Backlit KB, Thin & Light (Win 11, MSO 2021, Silver, 1.69 kg), eq2182AU  ","40,990",https://amazon.in//sspa/click?ie=UTF8&spc=MTo1OTA1NzI5NDQ4NDc4NTMxOjE3Mjg4Mzk2OTI6c3Bfc2VhcmNoX3RoZW1hdGljOjMwMDIxNDUwNDQyNzMzMjo6Mzo6&url=%2FHP-15-6-inches-Micro-Edge-Anti-Glare-15s-eq2182AU%2Fdp%2FB0B4N77Y34%2Fref%3Dsxin_15_pa_sp_search_thematic_sspa%3Fcontent-id%3Damzn1.sym.cd33fa60-47cd-49f3-80b8-24b1f0cbef97%253Aamzn1.sym.cd33fa60-47cd-49f3-80b8-24b1f0cbef97%26cv_ct_cx%3Dlaptops%26dib%3DeyJ2IjoiMSJ9.bV0OaW_UXK9vTqq6IBygoyBjbxmBh84DBSGkxrfIeujqdoSafrNHViwk1ZLRakI1OQf7SMJZkOSr2RPLCTuVgg.Qe0ODHeKjYjvwh2k4dmoTmjJDGLEhuit90jqawVvKbk%26dib_tag%3Dse%26keywords%3Dlaptops%26pd_rd_i%3DB0B4N77Y34%26pd_rd_r%3D6c20d7e0-6b40-4039-bc95-ab8a43e38dda%26pd_rd_w%3D3PVTQ%26pd_rd_wg%3DhQgVo%26pf_rd_p%3Dcd33fa60-47cd-49f3-80b8-24b1f0cbef97%26pf_rd_r%3D3TRYRECWR7RJ2YMWND7K%26qid%3D1728839692%26sbo%3DRZvfv%252F%252FHxDF%252BO5021pAnSA%253D%253D%26sr%3D1-4-ced4eeeb-b190-41d6-902a-1ecb3fb8b7c4-spons%26sp_csd%3Dd2lkZ2V0TmFtZT1zcF9zZWFyY2hfdGhlbWF0aWM%26psc%3D1
88,"Acer Aspire 5 Gaming Laptop 13th Gen Intel Core i5(16GB RAM/512GB SSD/NVIDIA RTX 2050 4GB Graphics/144Hz/Win11Home)A515-58GM 15.6"" FHD Display, Steel Gray, Backlit Keyboard, Fingerprint Reader, 1.78KG  ","54,990",https://amazon.in//sspa/click?ie=UTF8&spc=MTo4MzU0NDU2MTU2NzkzNzY4OjE3Mjg4Mzk3MDc6c3Bfc2VhcmNoX3RoZW1hdGljOjMwMDI4MTUwMDA4OTAzMjo6Mzo6&url=%2FAcer-Graphics-Win11Home-A515-58GM-Fingerprint%2Fdp%2FB0D1G7B66L%2Fref%3Dsxin_15_pa_sp_search_thematic_sspa%3Fcontent-id%3Damzn1.sym.59126330-c308-4c36-a5a0-21cac002681f%253Aamzn1.sym.59126330-c308-4c36-a5a0-21cac002681f%26cv_ct_cx%3Dlaptops%26dib%3DeyJ2IjoiMSJ9.OcFciH9v9aaHN7SR_SVDo8KXkfyli_MvFgztYYobYCAudk21-0BQlHbsvDnggm1I45NfR7XvENOoMtz00IZT9w.XMNaaEf1cF7vQtfQgjkKtDP8oaAYp6-oxQfyTe4sKYE%26dib_tag%3Dse%26keywords%3Dlaptops%26pd_rd_i%3DB0D1G7B66L%26pd_rd_r%3D1f0a7031-7e41-413a-8236-f8dd82445ca4%26pd_rd_w%3DeYNAp%26pd_rd_wg%3DP7Pwg%26pf_rd_p%3D59126330-c308-4c36-a5a0-21cac002681f%26pf_rd_r%3DQPGVNXJAME8TGXG2BGVA%26qid%3D1728839706%26sbo%3DRZvfv%252F%252FHxDF%252BO5021pAnSA%253D%253D%26sr%3D1-52-2ec22325-1003-449d-8aaf-c0bcc24717ae-spons%26sp_csd%3Dd2lkZ2V0TmFtZT1zcF9zZWFyY2hfdGhlbWF0aWM%26psc%3D1
89,"HP Laptop 15s, 12th Gen Intel Core i7-1255U, 15.6-inch (39.6 cm), FHD, 16GB DDR4, 512GB SSD, Intel Iris Xe Graphics, Backlit KB, Thin & Light (Win 11, MSO 2021, Silver, 1.69 kg), fq5190TU  ","64,990",https://amazon.in//sspa/click?ie=UTF8&spc=MTo4MzU0NDU2MTU2NzkzNzY4OjE3Mjg4Mzk3MDc6c3Bfc2VhcmNoX3RoZW1hdGljOjMwMDEyMDAyMjQyOTQzMjo6NDo6&url=%2FHP-i7-1255U-15-6-inch-Graphics-fq5190TU%2Fdp%2FB0C3D99LTP%2Fref%3Dsxin_15_pa_sp_search_thematic_sspa%3Fcontent-id%3Damzn1.sym.59126330-c308-4c36-a5a0-21cac002681f%253Aamzn1.sym.59126330-c308-4c36-a5a0-21cac002681f%26cv_ct_cx%3Dlaptops%26dib%3DeyJ2IjoiMSJ9.OcFciH9v9aaHN7SR_SVDo8KXkfyli_MvFgztYYobYCAudk21-0BQlHbsvDnggm1I45NfR7XvENOoMtz00IZT9w.XMNaaEf1cF7vQtfQgjkKtDP8oaAYp6-oxQfyTe4sKYE%26dib_tag%3Dse%26keywords%3Dlaptops%26pd_rd_i%3DB0C3D99LTP%26pd_rd_r%3D1f0a7031-7e41-413a-8236-f8dd82445ca4%26pd_rd_w%3DeYNAp%26pd_rd_wg%3DP7Pwg%26pf_rd_p%3D59126330-c308-4c36-a5a0-21cac002681f%26pf_rd_r%3DQPGVNXJAME8TGXG2BGVA%26qid%3D1728839706%26sbo%3DRZvfv%252F%252FHxDF%252BO5021pAnSA%253D%253D%26sr%3D1-53-2ec22325-1003-449d-8aaf-c0bcc24717ae-spons%26sp_csd%3Dd2lkZ2V0TmFtZT1zcF9zZWFyY2hfdGhlbWF0aWM%26psc%3D1
90,"ASUS Vivobook 15, Intel Core i5-12500H 12th Gen,Thin and Light Laptop,15.6"" (39.62 cm) FHD, (8GB RAM/512GB/Windows11/Office 2021/Blue/1.7 kg), X1502ZA-EJ523WS  ","44,990",https://amazon.in//ASUS-Vivobook-i5-12500H-Laptop-X1502ZA-EJ523WS/dp/B0C5N3G2MD/ref=sr_1_54?dib=eyJ2IjoiMSJ9.wh2GrRiEOk7CQBve5YYcwT-2k1Kun0F1DC8O2UTquaUIq9K2R-Z8iYx9k7q0_YbHSaHAF7xzPfhM_keGnOxgApqTYSdvxYXT3e7ID9-x7blC6RkVb_JzmJ9PmKCv-2fS1fkGrBdyVWQKqQXrJCU20vsedOYWJ1PEJi3SbbG5zcNyJLC9thJ8o9G9xqpI5PObIN6HPKm9XQ-uCyhnl4OlwSVbfWfCYDQ2jyV39Em2szc.2jnlo6SkgV4cnGO-P7rIydDkFBAF7jOkKqQa2ALduA8&dib_tag=se&keywords=laptops&qid=1728839706&sr=8-54
91,"HP Laptop 15s, 12th Gen Intel Core i7-1255U, 15.6-inch (39.6 cm), FHD, 16GB DDR4, 512GB SSD, Intel Iris Xe Graphics, Backlit KB, Thin & Light (Win 11, MSO 2021, Silver, 1.69 kg), fq5190TU  ","64,990",https://amazon.in//HP-i7-1255U-15-6-inch-Graphics-fq5190TU/dp/B0C3D99LTP/ref=sr_1_55?dib=eyJ2IjoiMSJ9.wh2GrRiEOk7CQBve5YYcwT-2k1Kun0F1DC8O2UTquaUIq9K2R-Z8iYx9k7q0_YbHSaHAF7xzPfhM_keGnOxgApqTYSdvxYXT3e7ID9-x7blC6RkVb_JzmJ9PmKCv-2fS1fkGrBdyVWQKqQXrJCU20vsedOYWJ1PEJi3SbbG5zcNyJLC9thJ8o9G9xqpI5PObIN6HPKm9XQ-uCyhnl4OlwSVbfWfCYDQ2jyV39Em2szc.2jnlo6SkgV4cnGO-P7rIydDkFBAF7jOkKqQa2ALduA8&dib_tag=se&keywords=laptops&qid=1728839706&sr=8-55
92,"Acer Aspire Lite AMD Ryzen 3 5300U Premium Thin and Light Laptop (Windows 11 Home/16 GB RAM/512 GB SSD) AL15-41 with 39.62 cm (15.6"") Full HD Display, Metal Body, Steel Gray, 1.6 KG  ","26,990",https://amazon.in//Acer-Premium-Windows-AL15-41-Display/dp/B0CWTYGPH8/ref=sr_1_56?dib=eyJ2IjoiMSJ9.wh2GrRiEOk7CQBve5YYcwT-2k1Kun0F1DC8O2UTquaUIq9K2R-Z8iYx9k7q0_YbHSaHAF7xzPfhM_keGnOxgApqTYSdvxYXT3e7ID9-x7blC6RkVb_JzmJ9PmKCv-2fS1fkGrBdyVWQKqQXrJCU20vsedOYWJ1PEJi3SbbG5zcNyJLC9thJ8o9G9xqpI5PObIN6HPKm9XQ-uCyhnl4OlwSVbfWfCYDQ2jyV39Em2szc.2jnlo6SkgV4cnGO-P7rIydDkFBAF7jOkKqQa2ALduA8&dib_tag=se&keywords=laptops&qid=1728839706&sr=8-56
93,"HP Victus Gaming Laptop, 12th Gen Intel Core i5-12450H,4GB RTX 2050 GPU,15.6-inch(39.6 cm),FHD,IPS,144Hz,16GB DDR4,512GB SSD,Backlit KB,MSO,B&O,9ms Response time(Blue, 2.29 kg),fa1373TX/fa1227TX  ","62,600",https://amazon.in//HP-i5-12450H-15-6-inch-Response-fa1373TX/dp/B0D2DDJ6PJ/ref=sr_1_57?dib=eyJ2IjoiMSJ9.wh2GrRiEOk7CQBve5YYcwT-2k1Kun0F1DC8O2UTquaUIq9K2R-Z8iYx9k7q0_YbHSaHAF7xzPfhM_keGnOxgApqTYSdvxYXT3e7ID9-x7blC6RkVb_JzmJ9PmKCv-2fS1fkGrBdyVWQKqQXrJCU20vsedOYWJ1PEJi3SbbG5zcNyJLC9thJ8o9G9xqpI5PObIN6HPKm9XQ-uCyhnl4OlwSVbfWfCYDQ2jyV39Em2szc.2jnlo6SkgV4cnGO-P7rIydDkFBAF7jOkKqQa2ALduA8&dib_tag=se&keywords=laptops&qid=1728839706&sr=8-57
94,"ASUS Vivobook 16X, 16"" FHD+, 144Hz 300nits, Intel Core i5-12500H 2.5 GHz, Creator/Gaming Laptop (16GB RAM/512GB SSD/RTX 2050/win 11/Office Home/50WHr Battery/Cool Silver/1.80 kg), K3605ZF-RP258WS  ","54,990",https://amazon.in//ASUS-Vivobook-300nits-i5-12500H-K3605ZF-RP258WS/dp/B09LCJ87VC/ref=sr_1_58?dib=eyJ2IjoiMSJ9.wh2GrRiEOk7CQBve5YYcwT-2k1Kun0F1DC8O2UTquaUIq9K2R-Z8iYx9k7q0_YbHSaHAF7xzPfhM_keGnOxgApqTYSdvxYXT3e7ID9-x7blC6RkVb_JzmJ9PmKCv-2fS1fkGrBdyVWQKqQXrJCU20vsedOYWJ1PEJi3SbbG5zcNyJLC9thJ8o9G9xqpI5PObIN6HPKm9XQ-uCyhnl4OlwSVbfWfCYDQ2jyV39Em2szc.2jnlo6SkgV4cnGO-P7rIydDkFBAF7jOkKqQa2ALduA8&dib_tag=se&keywords=laptops&qid=1728839706&sr=8-58
95,"ASUS TUF Gaming F15, Intel Core i7 12700H 12th Gen, 15.6-inch FHD 144Hz, Gaming Laptop (16GB/512GB SSD/NVIDIA GeForce RTX 3050/Windows 11/90WHr/Jaeger Gray/2.2 Kg), FX577ZC-HN193W  ","76,990",https://amazon.in//sspa/click?ie=UTF8&spc=MTo1MzAxOTU3MDM5NDE2MjIwOjE3Mjg4Mzk3MDc6c3BfbXRmOjMwMDI4MTUwMDA4OTgzMjo6MDo6&url=%2FASUS-15-6-inch-GeForce-Windows-FX577ZC-HN193W%2Fdp%2FB0D5DB77RT%2Fref%3Dsr_1_59_sspa%3Fdib%3DeyJ2IjoiMSJ9.wh2GrRiEOk7CQBve5YYcwT-2k1Kun0F1DC8O2UTquaUIq9K2R-Z8iYx9k7q0_YbHSaHAF7xzPfhM_keGnOxgApqTYSdvxYXT3e7ID9-x7blC6RkVb_JzmJ9PmKCv-2fS1fkGrBdyVWQKqQXrJCU20vsedOYWJ1PEJi3SbbG5zcNyJLC9thJ8o9G9xqpI5PObIN6HPKm9XQ-uCyhnl4OlwSVbfWfCYDQ2jyV39Em2szc.2jnlo6SkgV4cnGO-P7rIydDkFBAF7jOkKqQa2ALduA8%26dib_tag%3Dse%26keywords%3Dlaptops%26qid%3D1728839706%26sr%3D8-59-spons%26sp_csd%3Dd2lkZ2V0TmFtZT1zcF9tdGY%26psc%3D1
96,"MSI Cyborg 15, Intel 12th Gen. i7-12650H, 40CM FHD 144Hz Gaming Laptop (16GB/512GB NVMe SSD/Windows 11 Home/Nvidia GeForce RTX4050, 6GB GDDR6/Translucent Black/1.98Kg), A12VE-070IN  ","77,990",https://amazon.in//sspa/click?ie=UTF8&spc=MTo1MzAxOTU3MDM5NDE2MjIwOjE3Mjg4Mzk3MDc6c3BfbXRmOjMwMDM0MTk2OTg4MTIzMjo6MDo6&url=%2FMSI-i7-12650H-Windows-Translucent-A12VE-070IN%2Fdp%2FB0BW9HGBHP%2Fref%3Dsr_1_60_sspa%3Fdib%3DeyJ2IjoiMSJ9.wh2GrRiEOk7CQBve5YYcwT-2k1Kun0F1DC8O2UTquaUIq9K2R-Z8iYx9k7q0_YbHSaHAF7xzPfhM_keGnOxgApqTYSdvxYXT3e7ID9-x7blC6RkVb_JzmJ9PmKCv-2fS1fkGrBdyVWQKqQXrJCU20vsedOYWJ1PEJi3SbbG5zcNyJLC9thJ8o9G9xqpI5PObIN6HPKm9XQ-uCyhnl4OlwSVbfWfCYDQ2jyV39Em2szc.2jnlo6SkgV4cnGO-P7rIydDkFBAF7jOkKqQa2ALduA8%26dib_tag%3Dse%26keywords%3Dlaptops%26qid%3D1728839706%26sr%3D8-60-spons%26sp_csd%3Dd2lkZ2V0TmFtZT1zcF9tdGY%26psc%3D1
97,"HONOR MagicBook X16 (2024), 12th Gen Intel Core i5-12450H, 16-inch (40.64 cm) FHD IPS Anti-Glare Thin and Light Laptop (16GB/512GB PCIe SSD/Windows 11/ Full-Size Numeric Keyboard /1.68Kg), Gray  ","39,990",https://amazon.in//MagicBook-i5-12450H-Anti-Glare-Full-Size-Keyboard/dp/B0CRQB4HBP/ref=sr_1_61?dib=eyJ2IjoiMSJ9.wh2GrRiEOk7CQBve5YYcwT-2k1Kun0F1DC8O2UTquaUIq9K2R-Z8iYx9k7q0_YbHSaHAF7xzPfhM_keGnOxgApqTYSdvxYXT3e7ID9-x7blC6RkVb_JzmJ9PmKCv-2fS1fkGrBdyVWQKqQXrJCU20vsedOYWJ1PEJi3SbbG5zcNyJLC9thJ8o9G9xqpI5PObIN6HPKm9XQ-uCyhnl4OlwSVbfWfCYDQ2jyV39Em2szc.2jnlo6SkgV4cnGO-P7rIydDkFBAF7jOkKqQa2ALduA8&dib_tag=se&keywords=laptops&qid=1728839706&sr=8-61
